,quantil,absolute_Postzug,absolute_Testament,absolute_ZaertlichenSchwestern,absolute_Minna,absolute_Mandoletti,absolute_Menschenhass_Kotzebue,average
0,1,9,18,11,2,16,17,12.166666666666666
1,2,9,35,2,3,21,4,12.333333333333334
2,3,17,16,2,3,35,16,14.833333333333334
3,4,17,32,32,5,46,29,26.833333333333332
4,5,10,14,18,0,22,8,12.0
