,quantil,absolute_Postzug,absolute_Testament,absolute_ZaertlichenSchwestern,absolute_Minna,absolute_Mandoletti,absolute_Menschenhass_Kotzebue,average
0,1,11,21,2,6,11,4,9.166666666666666
1,2,14,13,9,7,4,0,7.833333333333333
2,3,6,4,2,7,10,0,4.833333333333333
3,4,5,5,4,10,29,0,8.833333333333334
4,5,3,0,9,10,17,5,7.333333333333333
