,quantil,absolute_Postzug,absolute_Testament,absolute_ZaertlichenSchwestern,absolute_Minna,absolute_Mandoletti,absolute_Menschenhass_Kotzebue,average
0,1,12,44,22,11,55,59,33.833333333333336
1,2,46,50,23,31,30,25,34.166666666666664
2,3,17,28,36,8,34,20,23.833333333333332
3,4,6,39,30,11,56,22,27.333333333333332
4,5,16,49,15,44,48,16,31.333333333333332
