,quantil,absolute_Postzug,absolute_Testament,absolute_ZaertlichenSchwestern,absolute_Minna,absolute_Mandoletti,absolute_Menschenhass_Kotzebue,average
0,1,25,12,77,10,30,6,26.666666666666668
1,2,6,14,46,28,27,3,20.666666666666668
2,3,9,20,66,13,27,26,26.833333333333332
3,4,15,25,59,14,68,18,33.166666666666664
4,5,12,16,54,63,34,35,35.666666666666664
