,quantil,percentage_Postzug,percentage_Testament,percentage_ZaertlichenSchwestern,percentage_Minna,percentage_Mandoletti,percentage_Menschenhass_Kotzebue,average
0,1,0.07258064516129033,0.02962962962962963,0.043824701195219126,0.12413793103448276,0.02681992337164751,0.07960199004975124,0.06276580340700343
1,2,0.040540540540540536,0.040268456375838924,0.03864734299516908,0.09473684210526316,0.02843601895734597,0.06504065040650407,0.05127830856344362
2,3,0.09558823529411764,0.01646090534979424,0.044843049327354265,0.0547945205479452,0.04154302670623145,0.13615023474178406,0.06489666199453781
3,4,0.1238095238095238,0.0,0.04329004329004329,0.1513157894736842,0.0399002493765586,0.06369426751592358,0.07033497891095558
4,5,0.00909090909090909,0.0,0.09345794392523364,0.04065040650406504,0.041237113402061855,0.07692307692307693,0.04355990830755776
