,quantil,percentage_Postzug,percentage_Testament,percentage_ZaertlichenSchwestern,percentage_Minna,percentage_Mandoletti,percentage_Menschenhass_Kotzebue,average
0,1,0.1774193548387097,0.17037037037037034,0.13147410358565734,0.19310344827586207,0.11494252873563217,0.11940298507462685,0.1511187984801431
1,2,0.13513513513513514,0.18791946308724836,0.12077294685990338,0.22631578947368425,0.15165876777251186,0.0975609756097561,0.15322717965637317
2,3,0.2058823529411765,0.3004115226337449,0.04932735426008968,0.3424657534246575,0.1661721068249258,0.10328638497652584,0.19459091251018668
3,4,0.08571428571428573,0.16541353383458646,0.10822510822510822,0.2368421052631579,0.10473815461346632,0.16560509554140124,0.14442304719866766
4,5,0.18181818181818185,0.18099547511312214,0.10280373831775699,0.1869918699186992,0.15463917525773194,0.059171597633136085,0.14440333967643804
