,quantil,percentage
0,1,0.1254125412541254
1,2,0.06611570247933884
2,3,0.08130081300813008
3,4,0.14722222222222223
4,5,0.21629213483146068
