,quantil,percentage
0,1,0.09900990099009901
1,2,0.17079889807162535
2,3,0.21680216802168023
3,4,0.1388888888888889
4,5,0.09269662921348315
