,quantil,percentage
0,1,0.1551155115511551
1,2,0.15426997245179064
2,3,0.0948509485094851
3,4,0.2722222222222222
4,5,0.21629213483146068
