,quantil,percentage
0,1,0.29042904290429045
1,2,0.38016528925619836
2,3,0.36314363143631434
3,4,0.2222222222222222
4,5,0.25842696629213485
