,quantil,percentage
0,1,0.12413793103448276
1,2,0.09473684210526316
2,3,0.0547945205479452
3,4,0.1513157894736842
4,5,0.04065040650406504
