,quantil,percentage
0,1,0.19310344827586207
1,2,0.22631578947368422
2,3,0.3424657534246575
3,4,0.23684210526315788
4,5,0.18699186991869918
