,quantil,percentage_Postzug,percentage_Testament,percentage_ZaertlichenSchwestern,percentage_Minna,percentage_Mandoletti,percentage_Menschenhass_Kotzebue,average
0,1,0.0967741935483871,0.18888888888888888,0.09163346613545817,0.13793103448275862,0.2605363984674329,0.3681592039800995,0.19065386425050423
1,2,0.31756756756756754,0.18791946308724836,0.13526570048309178,0.17894736842105266,0.2132701421800948,0.22764227642276424,0.21010208636030323
2,3,0.13970588235294118,0.1440329218106996,0.16143497757847533,0.0547945205479452,0.1572700296735905,0.09389671361502347,0.12518917426311255
3,4,0.06666666666666668,0.17669172932330826,0.1341991341991342,0.10526315789473684,0.1745635910224439,0.1464968152866242,0.133980182398819
4,5,0.16363636363636366,0.27149321266968324,0.07476635514018691,0.2032520325203252,0.20618556701030927,0.09467455621301776,0.169001347864981
