,quantil,percentage_Postzug,percentage_Testament,percentage_ZaertlichenSchwestern,percentage_Minna,percentage_Mandoletti,percentage_Menschenhass_Kotzebue,average
0,1,0.25,0.23703703703703705,0.1752988047808765,0.20689655172413796,0.17624521072796934,0.20398009950248755,0.2082429506287514
1,2,0.19594594594594594,0.3053691275167785,0.13043478260869565,0.24210526315789474,0.25118483412322273,0.13008130081300814,0.20918687569425765
2,3,0.3308823529411765,0.3662551440329218,0.05829596412556054,0.363013698630137,0.27002967359050445,0.1784037558685446,0.2611467648648074
3,4,0.24761904761904766,0.2857142857142857,0.24675324675324675,0.2697368421052632,0.2194513715710723,0.3503184713375796,0.2699322108500825
4,5,0.2727272727272727,0.2443438914027149,0.18691588785046728,0.1869918699186992,0.2302405498281787,0.10650887573964496,0.2046213912444963
