,quantil,percentage_Postzug,percentage_Testament,percentage_ZaertlichenSchwestern,percentage_Minna,percentage_Mandoletti,percentage_Menschenhass_Kotzebue,average
0,1,0.12096774193548387,0.08148148148148149,0.011952191235059759,0.04827586206896552,0.0421455938697318,0.03980099502487562,0.05743731093593301
1,2,0.12162162162162166,0.050335570469798654,0.04830917874396135,0.05789473684210526,0.018957345971563986,0.0,0.04951974227484182
2,3,0.04411764705882353,0.0205761316872428,0.017937219730941704,0.0547945205479452,0.03560830860534125,0.09859154929577464,0.045270896154344854
3,4,0.0761904761904762,0.01879699248120301,0.021645021645021644,0.1118421052631579,0.09476309226932668,0.01910828025477707,0.05705766135066042
4,5,0.027272727272727268,0.0,0.060747663551401876,0.06910569105691057,0.061855670103092786,0.035502958579881665,0.042414118427335695
