,quantil,absolute_Postzug,absolute_Testament,absolute_ZaertlichenSchwestern,absolute_Minna,absolute_Mandoletti,absolute_Menschenhass_Kotzebue,average
0,1,12,51,23,20,68,74,41.333333333333336
1,2,47,56,28,34,45,28,39.666666666666664
2,3,19,35,36,8,53,20,28.5
3,4,7,47,31,16,70,23,32.333333333333336
4,5,18,60,16,50,60,16,36.666666666666664
