,quantil,percentage_Postzug,percentage_Testament,percentage_ZaertlichenSchwestern,percentage_Minna,percentage_Mandoletti,percentage_Menschenhass_Kotzebue,average
0,1,0.14516129032258066,0.17407407407407408,0.11553784860557767,0.16551724137931034,0.057471264367816084,0.15920398009950248,0.13616094980814356
1,2,0.12162162162162166,0.18456375838926176,0.08695652173913042,0.1368421052631579,0.11374407582938388,0.13821138211382114,0.1303232441593961
2,3,0.08823529411764706,0.13168724279835392,0.13004484304932734,0.11643835616438356,0.20474777448071216,0.14084507042253522,0.13533309683882655
3,4,0.11428571428571427,0.13157894736842105,0.09090909090909093,0.1513157894736842,0.14214463840399005,0.11464968152866242,0.12414731032826049
4,5,0.03636363636363636,0.06787330316742081,0.10747663551401868,0.06504065040650407,0.20618556701030927,0.20118343195266272,0.1140205374024253
