,quantil,percentage
0,1,0.17624521072796934
1,2,0.25118483412322273
2,3,0.27002967359050445
3,4,0.2194513715710723
4,5,0.23024054982817868
