,quantil,percentage
0,1,0.0421455938697318
1,2,0.018957345971563982
2,3,0.03560830860534125
3,4,0.09476309226932668
4,5,0.061855670103092786
