,quantil,percentage
0,1,0.26053639846743293
1,2,0.2132701421800948
2,3,0.1572700296735905
3,4,0.1745635910224439
4,5,0.20618556701030927
