,acc,bal_acc,f1_macro,f1_micro,f1_score_class_0,f1_score_class_1,f1_weighted,mcc,precision_class_0,precision_class_1,precision_macro,precision_micro,precision_weighted,recall_class_0,recall_class_1,recall_macro,recall_micro,recall_weighted,sample_class_0,sample_class_1
1,0.6180069930069929,0.5390741370056183,0.4827498083312037,0.6180069930069929,0.7472527472527474,0.21824686940966007,0.5340781758491957,0.1369623897369183,0.6175908221797323,0.6224489795918368,0.6200199008857845,0.6180069930069929,0.6195485237242954,0.945827232796486,0.13232104121475055,0.5390741370056183,0.6180069930069929,0.6180069930069929,683.0,461.0
1,0.6180069930069929,0.5390741370056183,0.4827498083312037,0.6180069930069929,0.7472527472527474,0.21824686940966007,0.5340781758491957,0.1369623897369183,0.6175908221797323,0.6224489795918368,0.6200199008857845,0.6180069930069929,0.6195485237242954,0.945827232796486,0.13232104121475055,0.5390741370056183,0.6180069930069929,0.6180069930069929,683.0,461.0
1,0.6180069930069929,0.5390741370056183,0.4827498083312037,0.6180069930069929,0.7472527472527474,0.21824686940966007,0.5340781758491957,0.1369623897369183,0.6175908221797323,0.6224489795918368,0.6200199008857845,0.6180069930069929,0.6195485237242954,0.945827232796486,0.13232104121475055,0.5390741370056183,0.6180069930069929,0.6180069930069929,683.0,461.0
1,0.6180069930069929,0.5390741370056183,0.4827498083312037,0.6180069930069929,0.7472527472527474,0.21824686940966007,0.5340781758491957,0.1369623897369183,0.6175908221797323,0.6224489795918368,0.6200199008857845,0.6180069930069929,0.6195485237242954,0.945827232796486,0.13232104121475055,0.5390741370056183,0.6180069930069929,0.6180069930069929,683.0,461.0
1,0.6180069930069929,0.5390741370056183,0.4827498083312037,0.6180069930069929,0.7472527472527474,0.21824686940966007,0.5340781758491957,0.1369623897369183,0.6175908221797323,0.6224489795918368,0.6200199008857845,0.6180069930069929,0.6195485237242954,0.945827232796486,0.13232104121475055,0.5390741370056183,0.6180069930069929,0.6180069930069929,683.0,461.0
mean,0.6180069930069929,0.5390741370056183,0.4827498083312037,0.6180069930069929,0.7472527472527474,0.21824686940966007,0.5340781758491957,0.1369623897369183,0.6175908221797323,0.6224489795918368,0.6200199008857845,0.6180069930069929,0.6195485237242954,0.945827232796486,0.13232104121475055,0.5390741370056183,0.6180069930069929,0.6180069930069929,683.0,461.0
