,pre1_tag_type,pre1_tag_type_percentage
Schadenfreude,434,2.5796481217308607
abhorrence,1415,8.410603899191631
"admiration, reverence",1091,6.4847836424155965
anger,2798,16.631003328578224
being moved,2676,15.905848787446505
compassion,345,2.0506419400855918
desire,26,0.15454113171659534
despair,160,0.9510223490252021
fear,1040,6.1816452686638135
friendship,259,1.539467427484546
joy,2741,16.292201616737994
love,1822,10.82976699952449
suffering,2017,11.988825487398953
