,pre1_base_polarity,pre1_base_polarity_percentage
being moved,632,6.454907568174854
negative,1745,17.82249004187519
no_annotation,5675,57.961393116127056
positive,1739,17.7612092738229
