,pre1_main_emotion_class,pre1_main_emotion_class_percentage
being moved,632,6.454907568174854
emotions of affection,913,9.324890205290574
emotions of anxiety,253,2.5840057195383515
emotions of pleasure,826,8.436319068532326
emotions of rejection,862,8.804003676846083
emotions of suffering and empathy,630,6.4344806454907575
no_annotation,5675,57.961393116127056
