,pre1_tag_type,pre1_tag_type_percentage
Schadenfreude,51,0.5208865284444898
abhorrence,358,3.6564191604534777
"admiration, reverence",328,3.3500153201920133
anger,504,5.147584516392605
being moved,632,6.454907568174854
compassion,66,0.6740884485752221
desire,2,0.02042692268409764
despair,76,0.7762230619957103
fear,177,1.8077826575426412
friendship,64,0.6536615258911245
joy,775,7.915432540087836
love,519,5.300786436523338
no_annotation,5675,57.961393116127056
suffering,564,5.760392196915535
