,quantil,percentage
0,1,0.19313304721030042
1,2,0.14788732394366197
2,3,0.2364341085271318
3,4,0.3696808510638298
4,5,0.19827586206896552
