,quantil,percentage
0,1,0.3090128755364807
1,2,0.323943661971831
2,3,0.2364341085271318
3,4,0.1356382978723404
4,5,0.1206896551724138
