,quantil,percentage
0,1,0.09012875536480687
1,2,0.21830985915492956
2,3,0.31007751937984496
3,4,0.19148936170212766
4,5,0.1853448275862069
