,quantil,percentage
0,1,0.2317596566523605
1,2,0.1619718309859155
2,3,0.09302325581395349
3,4,0.17553191489361702
4,5,0.1336206896551724
