,pre1_base_polarity,pre1_base_polarity_percentage
being moved,10483,11.895332871878086
negative,48852,55.43363554869677
positive,28792,32.67103157942515
