,pre1_tag_type,pre1_tag_type_percentage
Schadenfreude,839,0.9520351311175916
abhorrence,10558,11.980437323408264
"admiration, reverence",6963,7.901097280061729
anger,8395,9.526024941277928
being moved,10483,11.895332871878086
compassion,1698,1.9267647826432306
desire,92,0.10439479387701839
despair,2780,3.1545383367185993
fear,6627,7.519829337206531
friendship,1081,1.226638828054966
joy,10262,11.644558421369162
love,9555,10.842307124944682
suffering,18794,21.326040827442213
