,pre1_main_emotion_class,pre1_main_emotion_class_percentage
being moved,10483,11.895332871878086
emotions of affection,17691,20.074438026938395
emotions of anxiety,9407,10.674367673925131
emotions of pleasure,11101,12.596593552486752
emotions of rejection,18953,21.506462264686192
emotions of suffering and empathy,20492,23.252805610085446
