,comedies_pre1_base_polarity,comedies_pre1_base_polarity_percentage,tragedies_pre1_base_polarity,tragedies_pre1_base_polarity_percentage,schauspiel_pre1_base_polarity,schauspiel_pre1_base_polarity_percentage
being moved,13183,14.763755277569352,10483,11.895332871878086,6577,13.764597547193505
negative,44107,49.39580930196096,48852,55.43363554869677,23964,50.1527771964338
positive,32003,35.84043542046969,28792,32.67103157942515,17241,36.082625256372694
