,model,acc,bal_acc,eval_loss,f1_macro,f1_micro,f1_score_class_0,f1_score_class_1,f1_score_class_2,f1_weighted,mcc,precision_class_0,precision_class_1,precision_class_2,precision_macro,precision_micro,precision_weighted,recall_class_0,recall_class_1,recall_class_2,recall_macro,recall_micro,recall_weighted,sample_class_0,sample_class_1,sample_class_2
5,bert-base-german-cased,0.7110361384887541,0.6173767822969602,0.982731212320782,0.6246653055021196,0.7110361384887541,0.77075970988277,0.3891844292088636,0.7140517774147256,0.7071315286911827,0.4902526600315186,0.7502310340761262,0.4279721406579548,0.7271884725662315,0.6351305491001041,0.7110361384887541,0.7050431236379385,0.7924821541519834,0.3578345373237014,0.7018136554151958,0.6173767822969602,0.7110361384887541,0.7110361384887541,713.2,152.6,453.4
5,bert-base-german-cased-2,0.7164947044363269,0.6293457345430122,0.8955189743212291,0.6356463282306157,0.7164947044363269,0.7732899758529721,0.4127514256857456,0.7208975831531295,0.7135834828255971,0.5015727325053191,0.7567558273944097,0.44352623533374624,0.7317144902491328,0.6439988509924296,0.7164947044363269,0.7119216885590337,0.7908003032910219,0.3866185070519436,0.7106183932860712,0.6293457345430122,0.7164947044363269,0.7164947044363269,713.2,152.6,453.4
5,electra-base-german-uncased,0.6896579134789901,0.5823515011476046,0.8743950318722498,0.5934761571608697,0.6896579134789901,0.7518838026709989,0.3435218195911163,0.6850228492204938,0.6816741545762901,0.44578389677486746,0.7167921030312734,0.42866395316895184,0.7093295434107342,0.6182618665369863,0.6896579134789901,0.6809189209464089,0.7913534558283342,0.2922600619195046,0.6634409856949752,0.5823515011476046,0.6896579134789901,0.6896579134789901,713.2,152.6,453.4
