,model,acc,bal_acc,eval_loss,f1_macro,f1_micro,f1_score_class_0,f1_score_class_1,f1_score_class_2,f1_weighted,mcc,precision_class_0,precision_class_1,precision_class_2,precision_macro,precision_micro,precision_weighted,recall_class_0,recall_class_1,recall_class_2,recall_macro,recall_micro,recall_weighted,sample_class_0,sample_class_1,sample_class_2
5,bert-base-german-europeana-cased,0.7181618305879109,0.6236749811518346,0.8038966942401158,0.6316705755643736,0.7181618305879109,0.7733258025507429,0.3944971714456421,0.7271887526967358,0.7136532423161848,0.5031572655167993,0.7556329154274904,0.4452109412087542,0.7321420904710322,0.6443286490357588,0.7181618305879109,0.7116522381247858,0.7924794041038575,0.3551255589955281,0.7234199803561182,0.6236749811518346,0.7181618305879109,0.7181618305879109,713.2,152.6,453.4
5,electra-base-german-europeana-cased-discriminator,0.7216466790727594,0.628852700382036,0.8008000551235108,0.6355285187843385,0.7216466790727594,0.7726414572348048,0.3981082997988743,0.7358357993193363,0.7166653052323084,0.5114000112076089,0.7672900014528932,0.4617677121353593,0.7176996407702955,0.648919118119516,0.7216466790727594,0.7149070255908216,0.7787283777466105,0.3513243894048848,0.7565053339946124,0.628852700382036,0.7216466790727594,0.7216466790727594,713.2,152.6,453.4
5,literary-german-bert,0.7175550807544744,0.6344087983248821,0.915652731628645,0.6382549812696813,0.7175550807544744,0.772123333021318,0.41314155884174425,0.7295000519459818,0.7159549721544345,0.5059763816382554,0.7586946154138584,0.4303415103415104,0.7436788120370745,0.6442383125974811,0.7175550807544744,0.7155574063522412,0.7863141890697373,0.4009889920880633,0.715923213816845,0.6344087983248821,0.7175550807544744,0.7175550807544744,713.2,152.6,453.4
