,quantil,absolute_Postzug,absolute_Testament,absolute_ZaertlichenSchwestern,absolute_Minna,absolute_Mandoletti,absolute_Menschenhass_Kotzebue,average
0,1,31,64,44,30,46,41,42.666666666666664
1,2,29,91,27,46,53,16,43.666666666666664
2,3,45,89,13,53,91,38,54.833333333333336
3,4,26,76,57,41,88,55,57.166666666666664
4,5,30,54,40,46,67,18,42.5
