,pre1_base_polarity,pre1_base_polarity_percentage
being moved,1906,5.88834996447218
negative,6153,19.00892829559146
no_annotation,19693,60.8390744230591
positive,4617,14.26364731687726
