,pre1_main_emotion_class,pre1_main_emotion_class_percentage
being moved,1906,5.88834996447218
emotions of affection,2779,8.585374895733572
emotions of anxiety,783,2.4189811239148566
emotions of pleasure,1838,5.678272421143687
emotions of rejection,3212,9.923074546634126
emotions of suffering and empathy,2158,6.666872625042479
no_annotation,19693,60.8390744230591
