,quantil,percentage
0,1,0.03208556149732621
1,2,0.046357615894039736
2,3,0.02702702702702703
3,4,0.07352941176470588
4,5,0.007692307692307693
