,model,acc,auprc,auroc,bal_acc,eval_loss,f1_macro,f1_micro,f1_score_class_0,f1_score_class_1,f1_weighted,fn,fp,mcc,precision_class_0,precision_class_1,precision_macro,precision_micro,precision_weighted,recall_class_0,recall_class_1,recall_macro,recall_micro,recall_weighted,sample_class_0,sample_class_1,tn,tp
5,bert-base-german-europeana-cased-further-pretrained,0.8322619126783102,0.8726174100573981,0.9043867758125436,0.8198793583410631,0.3843986441218664,0.8227960614192655,0.8322619126783102,0.8636165570276108,0.7819755658109203,0.8312942928720771,189.0,145.2,0.6471543796441191,0.8487871634784145,0.8059314247034655,0.8273592940909399,0.8322619126783102,0.83182189229195,0.8793648492279822,0.7603938674541443,0.8198793583410631,0.8322619126783102,0.8322619126783102,1203.6,788.8,1058.4,599.8
