,acc,auprc,auroc,bal_acc,eval_loss,f1_macro,f1_micro,f1_score_class_0,f1_score_class_1,f1_weighted,fn,fp,mcc,precision_class_0,precision_class_1,precision_macro,precision_micro,precision_weighted,recall_class_0,recall_class_1,recall_macro,recall_micro,recall_weighted,sample_class_0,sample_class_1,tn,tp
1,0.8226221079691517,0.8185014971832775,0.8746980247264459,0.8120323630993939,0.6623105817549938,0.8129015368672321,0.8226221079691517,0.8555478018143754,0.7702552719200887,0.8223663034664696,107.0,100.0,0.625867380730883,0.8513888888888889,0.7762863534675615,0.8138376211782252,0.8226221079691517,0.8221716214670528,0.8597475455820477,0.76431718061674,0.8120323630993939,0.8226221079691517,0.8226221079691517,713.0,454.0,613.0,347.0
1,0.8140531276778064,0.8334687005163187,0.8706912530660917,0.7994189099851098,0.6935844207937653,0.80234742626829,0.8140531276778064,0.850447966919366,0.7542468856172141,0.813022696215701,121.0,96.0,0.6055152494820542,0.8360433604336044,0.7762237762237763,0.8061335683286903,0.8140531276778064,0.8127716455824802,0.8653576437587658,0.7334801762114538,0.7994189099851098,0.8140531276778064,0.8140531276778064,713.0,454.0,617.0,333.0
1,0.7917737789203085,0.7950258429857728,0.8553511912491266,0.7741527074405921,0.7892391516550167,0.7776625246089037,0.7917737789203085,0.8336755646817249,0.7216494845360826,0.7901898626200488,138.0,105.0,0.5567186824092404,0.8152610441767069,0.75,0.7826305220883534,0.7917737789203085,0.7899283509358772,0.8529411764705882,0.6953642384105961,0.7741527074405921,0.7917737789203085,0.7917737789203085,714.0,453.0,609.0,315.0
mean,0.8094830048557555,0.815665346895123,0.8669134896805547,0.7952013268416985,0.7150447180679252,0.7976371625814753,0.8094830048557555,0.8465571111384887,0.7487172140244618,0.8085262874340732,122.0,100.33333333333333,0.5960337708740592,0.8342310978330666,0.7675033765637792,0.8008672371984229,0.8094830048557555,0.80829053932847,0.8593487886038006,0.7310538650795967,0.7952013268416985,0.8094830048557555,0.8094830048557555,713.3333333333334,453.6666666666667,613.0,331.6666666666667
