,quantil,percentage
0,1,0.18087855297157623
1,2,0.20898876404494382
2,3,0.12106537530266344
3,4,0.2088607594936709
4,5,0.13994910941475827
