,Unnamed: 0,pre1_base_polarity_cp,pre1_base_polarity_percentage_cp,pre1_base_polarity_sd,pre1_base_polarity_percentage_sd
0,being moved,4620,13.130968622100953,244,16.353887399463805
1,negative,18477,52.51534788540246,708,47.45308310991957
2,positive,12087,34.353683492496586,540,36.193029490616624
