,Unnamed: 0,pre1_main_emotion_class_cp,pre1_main_emotion_class_percentage_cp,pre1_main_emotion_class_sd,pre1_main_emotion_class_percentage_sd
0,being moved,4620,13.130968622100953,244,16.353887399463805
1,emotions of affection,7348,20.88449295134152,166,11.126005361930297
2,emotions of anxiety,2721,7.733628922237379,137,9.18230563002681
3,emotions of pleasure,4739,13.469190541155072,374,25.067024128686327
4,emotions of rejection,8302,23.595952705775357,342,22.92225201072386
5,emotions of suffering and empathy,7454,21.185766257389727,229,15.348525469168901
