,acc,bal_acc,f1_macro,f1_micro,f1_score_class_0,f1_score_class_1,f1_weighted,mcc,precision_class_0,precision_class_1,precision_macro,precision_micro,precision_weighted,recall_class_0,recall_class_1,recall_macro,recall_micro,recall_weighted,sample_class_0,sample_class_1
1,0.7686904164576016,0.7198717624816307,0.7285986766876604,0.7686904164576016,0.8329104748097137,0.6242868785656072,0.7503193973202004,0.5193366192957745,0.7389067524115756,0.8744292237442922,0.8066679880779339,0.7686904164576016,0.7925581472342115,0.9543189368770764,0.485424588086185,0.7198717624816307,0.7686904164576016,0.7686904164576016,1204.0,789.0
1,0.7737079779227296,0.7227139993852347,0.7317771302301779,0.7737079779227296,0.8378281193815175,0.6257261410788382,0.7538600005251129,0.5360024139360975,0.7387444514901712,0.90625,0.8224972257450855,0.7737079779227296,0.8050574859980764,0.967607973421927,0.4778200253485425,0.7227139993852347,0.7737079779227296,0.7737079779227296,1204.0,789.0
1,0.7737079779227296,0.7227139993852347,0.7317771302301779,0.7737079779227296,0.8378281193815175,0.6257261410788382,0.7538600005251129,0.5360024139360975,0.7387444514901712,0.90625,0.8224972257450855,0.7737079779227296,0.8050574859980764,0.967607973421927,0.4778200253485425,0.7227139993852347,0.7737079779227296,0.7737079779227296,1204.0,789.0
1,0.7737079779227296,0.7227139993852347,0.7317771302301779,0.7737079779227296,0.8378281193815175,0.6257261410788382,0.7538600005251129,0.5360024139360975,0.7387444514901712,0.90625,0.8224972257450855,0.7737079779227296,0.8050574859980764,0.967607973421927,0.4778200253485425,0.7227139993852347,0.7737079779227296,0.7737079779227296,1204.0,789.0
1,0.7737079779227296,0.7227139993852347,0.7317771302301779,0.7737079779227296,0.8378281193815175,0.6257261410788382,0.7538600005251129,0.5360024139360975,0.7387444514901712,0.90625,0.8224972257450855,0.7737079779227296,0.8050574859980764,0.967607973421927,0.4778200253485425,0.7227139993852347,0.7737079779227296,0.7737079779227296,1204.0,789.0
mean,0.772704465629704,0.7221455520045139,0.7311414395216744,0.772704465629704,0.8368445904671568,0.625438288576192,0.7531518798841303,0.532669255008033,0.738776911674452,0.8998858447488584,0.8193313782116552,0.772704465629704,0.8025576182453034,0.9649501661129569,0.479340937896071,0.7221455520045139,0.772704465629704,0.772704465629704,1204.0,789.0
