,quantil,percentage
0,1,0.027586206896551724
1,2,0.02631578947368421
2,3,0.0
3,4,0.0
4,5,0.0
