,model,acc,bal_acc,f1_macro,f1_micro,f1_score_class_0,f1_score_class_1,f1_score_class_2,f1_weighted,mcc,precision_class_0,precision_class_1,precision_class_2,precision_macro,precision_micro,precision_weighted,recall_class_0,recall_class_1,recall_class_2,recall_macro,recall_micro,recall_weighted,sample_class_0,sample_class_1,sample_class_2
5,bayes,0.6591880901509408,0.5043240346948066,0.5054894818097146,0.6591880901509408,0.7369491934750286,0.14729573497082185,0.6322235169832935,0.632747952330165,0.3716162378822172,0.6719082436063956,0.3426591988386113,0.6657642684062729,0.5601105702837599,0.6591880901509408,0.6317240109391008,0.8160426021741095,0.0943670450636395,0.6025624568466708,0.5043240346948066,0.6591880901509408,0.6591880901509408,713.2,152.6,453.4
5,svm,0.6032448824867324,0.40679876948531607,0.37779107896117575,0.6032448824867324,0.7240816134044471,0.03525840921381918,0.3740332142652609,0.5240890059623492,0.2517533815105482,0.5832737445862227,0.5753968253968254,0.7698458743049,0.6428388147626494,0.6032448824867324,0.6465352685429705,0.9545711692811768,0.018360853113175098,0.24746428606159626,0.40679876948531607,0.6032448824867324,0.6032448824867324,713.2,152.6,453.4
