,acc,bal_acc,f1_macro,f1_micro,f1_score_class_0,f1_score_class_1,f1_weighted,mcc,precision_class_0,precision_class_1,precision_macro,precision_micro,precision_weighted,recall_class_0,recall_class_1,recall_macro,recall_micro,recall_weighted,sample_class_0,sample_class_1
1,0.7980607082630692,0.7868902226382541,0.7894007124714759,0.7980607082630692,0.8321065545040308,0.7466948704389212,0.7969984634570317,0.5798528949889507,0.8152472527472527,0.7707423580786026,0.7929948054129277,0.7980607082630692,0.7969537146772975,0.8496778811739442,0.7241025641025641,0.7868902226382541,0.7980607082630692,0.7980607082630692,1397.0,975.0
1,0.7912273302404049,0.7772915414227319,0.7809319554377132,0.7912273302404049,0.82842287694974,0.7334410339256865,0.7894046082422629,0.5643681308375721,0.8030913978494624,0.7712344280860702,0.7871629129677663,0.7912273302404049,0.7900046460360741,0.8554044380816035,0.6991786447638604,0.7772915414227319,0.7912273302404049,0.7912273302404049,1397.0,974.0
1,0.781526781948545,0.7699922391631231,0.7722306294276917,0.781526781948545,0.8182456140350877,0.7262156448202959,0.7804399666225161,0.5453870355858359,0.8024776324845148,0.7483660130718954,0.7754218227782049,0.781526781948545,0.7802487344212962,0.8346456692913385,0.7053388090349076,0.7699922391631231,0.781526781948545,0.781526781948545,1397.0,974.0
1,0.7625474483340363,0.7509329907590186,0.7527489614931457,0.7625474483340363,0.8019697502638059,0.7035281727224856,0.7615302325391133,0.5061863470512289,0.7883817427385892,0.7221621621621621,0.7552719524503757,0.7625474483340363,0.7611789289547679,0.8160343593414459,0.6858316221765913,0.7509329907590186,0.7625474483340363,0.7625474483340363,1397.0,974.0
1,0.7743568114719528,0.764684958528028,0.7658471311642603,0.7743568114719528,0.8104852993269572,0.7212089630015632,0.7738108364079637,0.5319383136286407,0.8022440392706872,0.7322751322751323,0.7672595857729098,0.7743568114719528,0.7735010129469122,0.8188976377952756,0.7104722792607803,0.764684958528028,0.7743568114719528,0.7743568114719528,1397.0,974.0
mean,0.7815438160516016,0.7699583905022311,0.7722318779988574,0.7815438160516016,0.8182460190159244,0.7262177369817905,0.7804368214537776,0.5455465444184456,0.8022884130181012,0.7489560187347725,0.7756222158764369,0.7815438160516016,0.7803774074072696,0.8349319971367215,0.7049847838677408,0.7699583905022311,0.7815438160516016,0.7815438160516016,1397.0,974.2
