,quantil,percentage
0,1,0.0
1,2,0.0
2,3,0.002421307506053269
3,4,0.008438818565400843
4,5,0.0
