,quantil,percentage
0,1,0.03875968992248062
1,2,0.04943820224719101
2,3,0.004842615012106538
3,4,0.06329113924050633
4,5,0.022900763358778626
