,model,acc,auprc,auroc,bal_acc,eval_loss,f1_macro,f1_micro,f1_score_class_0,f1_score_class_1,f1_weighted,fn,fp,mcc,precision_class_0,precision_class_1,precision_macro,precision_micro,precision_weighted,recall_class_0,recall_class_1,recall_macro,recall_micro,recall_weighted,sample_class_0,sample_class_1,tn,tp
5,bert-base-german-cased,0.8785397485577029,0.9154401037008798,0.935462053972984,0.8702836903777198,0.5888429616180633,0.8722977868512969,0.8785397485577029,0.9005230645552803,0.8440725091473136,0.8781745440206418,133.6,108.4,0.7449583382152962,0.8913322804632052,0.8580485823946568,0.8746904314289309,0.8785397485577029,0.8781563224170601,0.9099406798618072,0.8306267008936326,0.8702836903777198,0.8785397485577029,0.8785397485577029,1203.6,788.8,1095.2,655.2
