,quantil,percentage
0,1,0.024193548387096774
1,2,0.04054054054054054
2,3,0.007352941176470588
3,4,0.09523809523809523
4,5,0.05454545454545454
