,quantil,percentage
0,1,0.14516129032258066
1,2,0.12162162162162163
2,3,0.08823529411764706
3,4,0.11428571428571428
4,5,0.03636363636363636
