,quantil,percentage
0,1,0.20161290322580644
1,2,0.04054054054054054
2,3,0.0661764705882353
3,4,0.14285714285714285
4,5,0.10909090909090909
