,quantil,percentage
0,1,0.07258064516129033
1,2,0.04054054054054054
2,3,0.09558823529411764
3,4,0.12380952380952381
4,5,0.00909090909090909
