,quantil,percentage
0,1,0.03225806451612903
1,2,0.02702702702702703
2,3,0.0
3,4,0.02857142857142857
4,5,0.0
