,quantil,percentage
0,1,0.1774193548387097
1,2,0.13513513513513514
2,3,0.20588235294117646
3,4,0.08571428571428572
4,5,0.18181818181818182
