,quantil,percentage
0,1,0.5561497326203209
1,2,0.609271523178808
2,3,0.5855855855855856
3,4,0.5661764705882353
4,5,0.7769230769230769
