,quantil,percentage
0,1,0.4117647058823529
1,2,0.3443708609271523
2,3,0.38738738738738737
3,4,0.3602941176470588
4,5,0.2153846153846154
