,quantil,percentage
0,1,0.08148148148148149
1,2,0.050335570469798654
2,3,0.0205761316872428
3,4,0.018796992481203006
4,5,0.0
