,quantil,percentage
0,1,0.18888888888888888
1,2,0.18791946308724833
2,3,0.1440329218106996
3,4,0.17669172932330826
4,5,0.27149321266968324
