,quantil,percentage
0,1,0.14074074074074075
1,2,0.11409395973154363
2,3,0.18106995884773663
3,4,0.23684210526315788
4,5,0.25339366515837103
