,acc,bal_acc,f1_macro,f1_micro,f1_score_class_0,f1_score_class_1,f1_weighted,mcc,precision_class_0,precision_class_1,precision_macro,precision_micro,precision_weighted,recall_class_0,recall_class_1,recall_macro,recall_micro,recall_weighted,sample_class_0,sample_class_1
1,0.8278976417461114,0.8188958225433599,0.8196581361182069,0.8278976417461114,0.8582058701942951,0.7811104020421187,0.8276848845585363,0.6393705573714773,0.8543209876543209,0.7866323907455013,0.8204766891999111,0.8278976417461114,0.8275240468810853,0.8621262458471761,0.7756653992395437,0.8188958225433599,0.8278976417461114,0.8278976417461114,1204.0,789.0
1,0.8299046663321625,0.8157514663837062,0.8197064983923406,0.8299046663321625,0.8625861370085124,0.7768268597761686,0.8286352741202437,0.6410088292581813,0.8424386381631037,0.8082191780821918,0.8253289081226478,0.8299046663321625,0.8288916466910318,0.8837209302325582,0.7477820025348543,0.8157514663837062,0.8299046663321625,0.8299046663321625,1204.0,789.0
1,0.8328313253012049,0.822340536491471,0.824215871229015,0.8328313253012049,0.8631319358816276,0.7852998065764023,0.8323038485212748,0.6487631800882357,0.8536585365853658,0.7992125984251969,0.8264355675052814,0.8328313253012049,0.8320933532478291,0.8728179551122195,0.7718631178707225,0.822340536491471,0.8328313253012049,0.8328313253012049,1203.0,789.0
1,0.8177710843373494,0.8059461612129373,0.8081085276872186,0.8177710843373492,0.8511685116851169,0.7650485436893204,0.8170577412289505,0.6167031776154241,0.8398058252427184,0.7817460317460317,0.8107759284943751,0.8177710843373494,0.8168092504089405,0.8628428927680798,0.7490494296577946,0.8059461612129373,0.8177710843373494,0.8177710843373494,1203.0,789.0
1,0.8268072289156626,0.8159497950992463,0.8177959417415753,0.8268072289156626,0.8583162217659138,0.7772756617172368,0.8262580082526821,0.6359208596575062,0.8489033306255077,0.7910643889618922,0.8199838597936999,0.8268072289156626,0.8260232673569691,0.8679401993355482,0.7639593908629442,0.8159497950992463,0.8268072289156626,0.8268072289156626,1204.0,788.0
mean,0.8270423893264981,0.8157767563461441,0.8178969950336713,0.8270423893264981,0.858681735307093,0.7771122547602494,0.8263879513363375,0.6363533207981649,0.8478254636542033,0.7933749175921628,0.820600190623183,0.8270423893264981,0.8262683129171711,0.8698896446591163,0.7616638680331718,0.8157767563461441,0.8270423893264981,0.8270423893264981,1203.6,788.8
