,pre1_base_polarity,pre1_base_polarity_percentage
being moved,632,15.354713313896987
negative,1745,42.3955296404276
positive,1739,42.24975704567541
