,pre1_tag_type,pre1_tag_type_percentage
Schadenfreude,51,1.239067055393586
abhorrence,358,8.697764820213798
"admiration, reverence",328,7.968901846452867
anger,504,12.244897959183673
being moved,632,15.354713313896987
compassion,66,1.6034985422740524
desire,2,0.048590864917395525
despair,76,1.84645286686103
fear,177,4.300291545189505
friendship,64,1.5549076773566568
joy,775,18.82896015549077
love,519,12.609329446064141
suffering,564,13.702623906705538
