,quantil,percentage
0,1,0.08764940239043825
1,2,0.1111111111111111
2,3,0.16143497757847533
3,4,0.12987012987012986
4,5,0.07009345794392523
