,quantil,percentage
0,1,0.01593625498007968
1,2,0.01932367149758454
2,3,0.013452914798206279
3,4,0.0
4,5,0.004672897196261682
