,quantil,percentage
0,1,0.30677290836653387
1,2,0.2222222222222222
2,3,0.29596412556053814
3,4,0.2554112554112554
4,5,0.2523364485981308
