,quantil,percentage
0,1,0.1593625498007968
1,2,0.1111111111111111
2,3,0.14349775784753363
3,4,0.08658008658008658
4,5,0.07009345794392523
