,quantil,percentage
0,1,0.13147410358565736
1,2,0.12077294685990338
2,3,0.04932735426008968
3,4,0.10822510822510822
4,5,0.102803738317757
