,quantil,absolute_Postzug,absolute_Testament,absolute_ZaertlichenSchwestern,absolute_Minna,absolute_Mandoletti,absolute_Menschenhass_Kotzebue,average
0,1,73,140,91,79,79,97,93.16666666666667
1,2,71,173,61,103,87,41,89.33333333333333
2,3,76,130,57,86,186,120,109.16666666666667
3,4,59,116,97,104,199,86,110.16666666666667
4,5,38,69,98,89,157,71,87.0
