,quantil,absolute_Postzug,absolute_Testament,absolute_ZaertlichenSchwestern,absolute_Minna,absolute_Mandoletti,absolute_Menschenhass_Kotzebue,average
0,1,4,38,17,5,41,14,19.833333333333332
1,2,8,34,41,12,40,19,25.666666666666668
2,3,3,44,29,7,41,23,24.5
3,4,7,63,25,10,41,15,26.833333333333332
4,5,8,56,29,39,21,40,32.166666666666664
