,quantil,percentage_Postzug,percentage_Testament,percentage_ZaertlichenSchwestern,percentage_Minna,percentage_Mandoletti,percentage_Menschenhass_Kotzebue,average
0,1,0.03225806451612903,0.14074074074074075,0.06772908366533864,0.03448275862068965,0.15708812260536398,0.06965174129353234,0.08365841857363239
1,2,0.054054054054054064,0.11409395973154365,0.19806763285024154,0.06315789473684211,0.1895734597156398,0.15447154471544716,0.12890309096729471
2,3,0.02205882352941177,0.18106995884773666,0.13004484304932734,0.04794520547945205,0.12166172106824925,0.107981220657277,0.101793628771909
3,4,0.06666666666666668,0.2368421052631579,0.10822510822510822,0.06578947368421052,0.10224438902743142,0.09554140127388536,0.11255152402341001
4,5,0.07272727272727272,0.25339366515837103,0.13551401869158874,0.15853658536585366,0.07216494845360824,0.2366863905325444,0.1548371468215398
