,quantil,percentage_Postzug,percentage_Testament,percentage_ZaertlichenSchwestern,percentage_Minna,percentage_Mandoletti,percentage_Menschenhass_Kotzebue,average
0,1,0.0,0.0,0.0,0.027586206896551724,0.0,0.0,0.004597701149425287
1,2,0.0,0.0,0.014492753623188406,0.02631578947368421,0.0,0.0,0.0068014238494787695
2,3,0.0,0.0,0.004484304932735426,0.0,0.0,0.004694835680751174,0.0015298567689144334
3,4,0.0,0.0,0.0,0.0,0.0,0.0,0.0
4,5,0.0,0.0,0.0,0.0,0.0,0.0,0.0
