,quantil,percentage_Postzug,percentage_Testament,percentage_ZaertlichenSchwestern,percentage_Minna,percentage_Mandoletti,percentage_Menschenhass_Kotzebue,average
0,1,0.5887096774193549,0.5185185185185185,0.3625498007968128,0.5448275862068965,0.30268199233716475,0.482587064676617,0.466645773325894
1,2,0.4797297297297297,0.5805369127516778,0.2946859903381642,0.5421052631578948,0.41232227488151657,0.3333333333333333,0.44045225069871946
2,3,0.5588235294117647,0.5349794238683128,0.2556053811659193,0.589041095890411,0.5519287833827893,0.5633802816901409,0.5089597492348896
3,4,0.5619047619047619,0.43609022556390975,0.4199134199134199,0.6842105263157895,0.4962593516209477,0.5477707006369427,0.5243581643259619
4,5,0.34545454545454546,0.3122171945701357,0.4579439252336449,0.3617886178861789,0.5395189003436426,0.4201183431952663,0.406173587780569
