,quantil,percentage
0,1,0.08264462809917356
1,2,0.0625
2,3,0.045081967213114756
3,4,0.028037383177570093
4,5,0.025974025974025976
