,quantil,percentage
0,1,0.04132231404958678
1,2,0.10267857142857142
2,3,0.0860655737704918
3,4,0.1261682242990654
4,5,0.047619047619047616
