,quantil,percentage
0,1,0.05371900826446281
1,2,0.03571428571428571
2,3,0.028688524590163935
3,4,0.06074766355140187
4,5,0.04329004329004329
