,quantil,percentage
0,1,0.01652892561983471
1,2,0.05803571428571429
2,3,0.05327868852459016
3,4,0.1308411214953271
4,5,0.12987012987012986
