,quantil,percentage
0,1,0.05371900826446281
1,2,0.07142857142857142
2,3,0.10245901639344263
3,4,0.09345794392523364
4,5,0.06060606060606061
