,quantil,percentage
0,1,0.03862660944206009
1,2,0.028169014084507043
2,3,0.06201550387596899
3,4,0.031914893617021274
4,5,0.017241379310344827
