,quantil,percentage
0,1,0.13733905579399142
1,2,0.11971830985915492
2,3,0.06201550387596899
3,4,0.09574468085106383
4,5,0.3448275862068966
