,pre1_base_polarity,pre1_base_polarity_percentage
being moved,244,16.353887399463808
negative,708,47.45308310991957
positive,540,36.193029490616624
