,pre1_base_polarity,pre1_base_polarity_percentage
being moved,4620,13.130968622100955
negative,18477,52.515347885402456
positive,12087,34.353683492496586
