,pre1_main_emotion_class,pre1_main_emotion_class_percentage
being moved,4620,13.130968622100955
emotions of affection,7348,20.884492951341517
emotions of anxiety,2721,7.73362892223738
emotions of pleasure,4739,13.46919054115507
emotions of rejection,8302,23.595952705775353
emotions of suffering and empathy,7454,21.185766257389723
