,pre1_tag_type,pre1_tag_type_percentage
Schadenfreude,383,1.08856298317417
abhorrence,3664,10.413824465666211
"admiration, reverence",2633,7.483515234197362
anger,4638,13.18212824010914
being moved,4620,13.130968622100955
compassion,963,2.7370395634379263
desire,9,0.02557980900409277
despair,802,2.279445202364711
fear,1919,5.4541837198726695
friendship,718,2.040700318326512
joy,4356,12.3806275579809
love,3988,11.334697589813551
suffering,6491,18.448726693951798
