,quantil,percentage
0,1,0.0845771144278607
1,2,0.032520325203252036
2,3,0.07511737089201878
3,4,0.18471337579617833
4,5,0.047337278106508875
