,quantil,percentage
0,1,0.11940298507462686
1,2,0.0975609756097561
2,3,0.10328638497652583
3,4,0.16560509554140126
4,5,0.05917159763313609
