,quantil,percentage
0,1,0.09917355371900827
1,2,0.12053571428571429
2,3,0.09836065573770492
3,4,0.1588785046728972
4,5,0.15584415584415584
