,_1650_1730_pre1_base_polarity,_1650_1730_pre1_base_polarity_percentage,_1730_1770_pre1_base_polarity,_1730_1770_pre1_base_polarity_percentage,_1770_1815_pre1_base_polarity,_1770_1815_pre1_base_polarity_percentage
being moved,1843,3.6402062059294082,4620,6.100701184486788,16071,6.3706058636053715
negative,16415,32.42212960951233,18477,24.398843243671514,58035,23.005295955095377
no_annotation,22820,45.07298188785084,40545,53.53959513528503,137288,54.421488258518714
positive,9551,18.86468229670742,12087,15.96086043655667,40874,16.202609922780535
