,_1650_1730_pre1_base_polarity,_1650_1730_pre1_base_polarity_percentage,_1730_1770_pre1_base_polarity,_1730_1770_pre1_base_polarity_percentage,_1770_1815_pre1_base_polarity,_1770_1815_pre1_base_polarity_percentage
being moved,21,0.39347948285553686,244,3.0101159634838393,2560,5.3771345753954085
negative,279,5.227655986509275,708,8.734270910436713,4793,10.067424226511793
no_annotation,4886,91.54955967772158,6614,81.59388107574637,37284,78.31292402696968
positive,151,2.829304852913622,540,6.661732050333087,2972,6.242517171123107
