,_1650_1730_pre1_main_emotion_class,_1650_1730_pre1_main_emotion_class_percentage,_1730_1770_pre1_main_emotion_class,_1730_1770_pre1_main_emotion_class_percentage,_1770_1815_pre1_main_emotion_class,_1770_1815_pre1_main_emotion_class_percentage
being moved,1843,3.6402062059294082,4620,6.100701184486788,16071,6.3706058636053715
emotions of affection,6090,12.028679215469396,7348,9.703019979136132,22955,9.099449791491589
emotions of anxiety,2204,4.35323628750321,2721,3.59307530800618,9830,3.8966495948752913
emotions of pleasure,3461,6.836003081238026,4739,6.2578404574205395,17919,7.103160131288947
emotions of rejection,6565,12.966876691224396,8302,10.962775158789896,26269,10.413132065898171
emotions of suffering and empathy,7646,15.102016630784728,7454,9.842992776875437,21936,8.695514294321912
no_annotation,22820,45.07298188785084,40545,53.53959513528503,137288,54.421488258518714
