,_1650_1730_pre1_main_emotion_class,_1650_1730_pre1_main_emotion_class_percentage,_1730_1770_pre1_main_emotion_class,_1730_1770_pre1_main_emotion_class_percentage,_1770_1815_pre1_main_emotion_class,_1770_1815_pre1_main_emotion_class_percentage
being moved,21,0.39347948285553686,244,3.0101159634838393,2560,5.3771345753954085
emotions of affection,50,0.936855911560802,166,2.047865778435727,1284,2.6969690604717598
emotions of anxiety,41,0.7682218474798576,137,1.690106094251172,1122,2.356697263122519
emotions of pleasure,101,1.89244894135282,374,4.6138662718973595,1688,3.545548110651348
emotions of rejection,144,2.6981450252951094,342,4.219096965210955,1824,3.8312083849692287
emotions of suffering and empathy,94,1.7612891137343076,229,2.825067850974587,1847,3.8795185784200465
no_annotation,4886,91.54955967772158,6614,81.59388107574637,37284,78.31292402696968
