,quantil,percentage
0,1,0.3681592039800995
1,2,0.22764227642276422
2,3,0.09389671361502347
3,4,0.1464968152866242
4,5,0.09467455621301775
