,quantil,percentage
0,1,0.03980099502487562
1,2,0.0
2,3,0.09859154929577464
3,4,0.01910828025477707
4,5,0.03550295857988166
