,quantil,percentage
0,1,0.16296296296296298
1,2,0.16778523489932887
2,3,0.11522633744855967
3,4,0.14661654135338345
4,5,0.22171945701357465
