,quantil,percentage
0,1,0.007407407407407408
1,2,0.016778523489932886
2,3,0.00411522633744856
3,4,0.0037593984962406013
4,5,0.00904977375565611
