,quantil,percentage
0,1,0.17407407407407408
1,2,0.18456375838926176
2,3,0.13168724279835392
3,4,0.13157894736842105
4,5,0.06787330316742081
