,quantil,percentage
0,1,0.02962962962962963
1,2,0.040268456375838924
2,3,0.01646090534979424
3,4,0.0
4,5,0.0
