,quantil,percentage
0,1,0.003703703703703704
1,2,0.006711409395973154
2,3,0.00411522633744856
3,4,0.0
4,5,0.0
