,model,acc,auprc,auroc,bal_acc,eval_loss,f1_macro,f1_micro,f1_score_class_0,f1_score_class_1,f1_weighted,fn,fp,mcc,precision_class_0,precision_class_1,precision_macro,precision_micro,precision_weighted,recall_class_0,recall_class_1,recall_macro,recall_micro,recall_weighted,sample_class_0,sample_class_1,tn,tp
5,bert-base-german-cased,0.7305489785804746,0.7236243967373042,0.7965940453755789,0.7209712094399423,1.1007192548778322,0.7203528713544796,0.7305489785804746,0.7734819887922951,0.667223753916664,0.7306558537031795,151.4,156.8,0.4412695590107013,0.7770017784862672,0.6636224628758829,0.7203121206810752,0.7305489785804746,0.7313052191803898,0.7703589047801016,0.671583514099783,0.7209712094399423,0.7305489785804746,0.7305489785804746,682.8,461.0,526.0,309.6
