,model,acc,bal_acc,eval_loss,f1_macro,f1_micro,f1_score_class_0,f1_score_class_1,f1_score_class_2,f1_score_class_3,f1_score_class_4,f1_score_class_5,f1_weighted,mcc,precision_class_0,precision_class_1,precision_class_2,precision_class_3,precision_class_4,precision_class_5,precision_macro,precision_micro,precision_weighted,recall_class_0,recall_class_1,recall_class_2,recall_class_3,recall_class_4,recall_class_5,recall_macro,recall_micro,recall_weighted,sample_class_0,sample_class_1,sample_class_2,sample_class_3,sample_class_4,sample_class_5
5,bert-base-german-cased,0.7046309227188369,0.67587347762612,1.1305836437477006,0.6796413142687591,0.7046309227188369,0.7088808485516402,0.6040067423223697,0.7371705991441269,0.5714205559805977,0.6913600230470316,0.7650091165667874,0.7040458297423556,0.6344707101405677,0.6950265684330957,0.6411818702375488,0.7285006587128082,0.5779056902268034,0.7053320199879654,0.7650084043222307,0.6854925353200753,0.7046309227188369,0.7048869682376039,0.7235017602409395,0.5733173397307744,0.7463886041115848,0.567330459595653,0.6787993941897287,0.7659033078880407,0.67587347762612,0.7046309227188369,0.7046309227188369,313.2,122.8,430.6,181.2,269.6,393.0
