,quantil,percentage
0,1,0.0481283422459893
1,2,0.0728476821192053
2,3,0.04504504504504504
3,4,0.14705882352941177
4,5,0.05384615384615385
