,quantil,percentage
0,1,0.39572192513368987
1,2,0.3443708609271523
2,3,0.3063063063063063
3,4,0.25
4,5,0.36153846153846153
