,quantil,percentage
0,1,0.6322314049586777
1,2,0.5803571428571429
2,3,0.6024590163934426
3,4,0.6261682242990654
4,5,0.6883116883116883
