,acc,bal_acc,f1_macro,f1_micro,f1_score_class_0,f1_score_class_1,f1_weighted,mcc,precision_class_0,precision_class_1,precision_macro,precision_micro,precision_weighted,recall_class_0,recall_class_1,recall_macro,recall_micro,recall_weighted,sample_class_0,sample_class_1
1,0.7167832167832168,0.6866637235877191,0.6910777806300195,0.7167832167832168,0.7801899592944368,0.601965601965602,0.7083705285876248,0.3964378760376009,0.7269279393173198,0.6940509915014165,0.7104894654093681,0.7167832167832168,0.7136794489824148,0.8418740849194729,0.5314533622559653,0.6866637235877191,0.7167832167832168,0.7167832167832168,683.0,461.0
1,0.6984265734265734,0.6705853021790429,0.6740248123710012,0.6984265734265734,0.7632120796156486,0.5848375451263538,0.6913321317139309,0.3577347070298185,0.7183462532299741,0.6567567567567567,0.6875515049933654,0.6984265734265734,0.6935274089343856,0.8140556368960469,0.527114967462039,0.6705853021790429,0.6984265734265734,0.6984265734265734,683.0,461.0
1,0.6800699300699301,0.6495714008949924,0.6521698677477238,0.6800699300699301,0.7506811989100817,0.5536585365853659,0.6712865771166429,0.3161966896277993,0.7019108280254777,0.6323119777158774,0.6671114028706775,0.6800699300699301,0.6738644381716964,0.8067349926793558,0.4924078091106291,0.6495714008949924,0.6800699300699301,0.6800699300699301,683.0,461.0
1,0.6800699300699301,0.6485137980645551,0.6510323077487257,0.6800699300699301,0.7516960651289009,0.5503685503685504,0.670566708219354,0.31541476584399897,0.7003792667509482,0.6345609065155807,0.6674700866332645,0.6800699300699301,0.6738563086491086,0.8111273792093704,0.4859002169197397,0.6485137980645551,0.6800699300699301,0.6800699300699301,683.0,461.0
1,0.7016622922134733,0.6698669219661453,0.6734430729092047,0.7016622922134733,0.7694388100067613,0.5774473358116481,0.6920039284635005,0.36275570640015137,0.7139272271016311,0.6734104046242775,0.6936688158629543,0.7016622922134733,0.6975857965136522,0.8343108504398827,0.5054229934924078,0.6698669219661453,0.7016622922134733,0.7016622922134733,682.0,461.0
mean,0.6954023885126247,0.6650402293384909,0.668349568281335,0.6954023885126247,0.7630436225911658,0.573655513971504,0.6867119748202105,0.34970794898787383,0.7122983028850702,0.6582182074227818,0.6852582551539259,0.6954023885126247,0.6905026802502514,0.8216205888288257,0.5084598698481562,0.6650402293384909,0.6954023885126247,0.6954023885126247,682.8,461.0
