,model,acc,bal_acc,eval_loss,f1_macro,f1_micro,f1_score_class_0,f1_score_class_1,f1_score_class_2,f1_weighted,mcc,precision_class_0,precision_class_1,precision_class_2,precision_macro,precision_micro,precision_weighted,recall_class_0,recall_class_1,recall_class_2,recall_macro,recall_micro,recall_weighted,sample_class_0,sample_class_1,sample_class_2
5,bert-base-german-europeana-cased-further-pretrained,0.7632241307478961,0.567605794025946,0.5923642431314176,0.5665109667494458,0.763224130747896,0.8139604918625778,0.11912308936891805,0.7664493190168413,0.7351872193799005,0.5562466844532651,0.7564146205807538,0.6988195682313331,0.7781035703717396,0.7444459197279422,0.7632241307478961,0.7592362583809948,0.88111220848732,0.06621941594317285,0.7554857576473452,0.567605794025946,0.7632241307478961,0.7632241307478961,1120.4,181.2,747.6
