,quantil,percentage
0,1,0.30268199233716475
1,2,0.41232227488151657
2,3,0.5519287833827893
3,4,0.49625935162094764
4,5,0.5395189003436426
