,quantil,percentage
0,1,0.5402298850574713
1,2,0.3981042654028436
2,3,0.3264094955489614
3,4,0.4014962593516209
4,5,0.38831615120274915
