,quantil,percentage
0,1,0.2887700534759358
1,2,0.23841059602649006
2,3,0.11711711711711711
3,4,0.11764705882352941
4,5,0.06923076923076923
