,quantil,percentage
0,1,0.0033003300330033004
1,2,0.06611570247933884
2,3,0.05962059620596206
3,4,0.016666666666666666
4,5,0.03089887640449438
