,quantil,percentage
0,1,0.1716171617161716
1,2,0.22865013774104684
2,3,0.1951219512195122
3,4,0.125
4,5,0.14887640449438203
