,_quintil,bp_em1_abs,bp_em1_per,bp_negative_abs,bp_negative_per,bp_positive_abs,bp_positive_per,mec_affection_abs,mec_affection_per,mec_em2_abs,mec_em2_per,mec_fear_abs,mec_fear_per,mec_joy_abs,mec_joy_per,mec_rejection_abs,mec_rejection_per,mec_suffering_abs,mec_suffering_per,tt_admiration_abs,tt_admiration_per,tt_anger_abs,tt_anger_per,tt_compassion_abs,tt_compassion_per,tt_desire_abs,tt_desire_per,tt_despair_abs,tt_despair_per,tt_em3_abs,tt_em3_per,tt_fear_abs,tt_fear_per,tt_friendship_abs,tt_friendship_per,tt_hate_abs,tt_hate_per,tt_joy_abs,tt_joy_per,tt_love_abs,tt_love_per,tt_schadenfreude_abs,tt_schadenfreude_per,tt_suffering_abs,tt_suffering_per
0,1,7,0.175,18,0.45,15,0.375,11,0.275,6,0.15,4,0.1,3,0.075,8,0.2,8,0.2,5,0.125,1,0.025,0,0.0,0,0,0,0.0,10,0.25,0,0.0,0,0.0,4,0.1,2,0.05,7,0.175,0,0.0,11,0.275
1,2,8,0.2,22,0.55,10,0.25,11,0.275,7,0.175,5,0.125,1,0.025,2,0.05,14,0.35,3,0.075,1,0.025,2,0.05,0,0,5,0.125,11,0.275,2,0.05,0,0.0,0,0.0,0,0.0,5,0.125,0,0.0,11,0.275
2,3,4,0.1,26,0.65,10,0.25,8,0.2,5,0.125,6,0.15,0,0.0,7,0.175,14,0.35,0,0.0,1,0.025,1,0.025,0,0,3,0.075,6,0.15,3,0.075,1,0.025,3,0.075,1,0.025,6,0.15,1,0.025,14,0.35
3,4,3,0.075,28,0.7,9,0.225,3,0.075,5,0.125,5,0.125,4,0.1,13,0.325,10,0.25,2,0.05,4,0.1,1,0.025,0,0,1,0.025,6,0.15,2,0.05,0,0.0,9,0.225,0,0.0,4,0.1,1,0.025,10,0.25
4,5,1,0.02564102564102564,31,0.7948717948717948,7,0.1794871794871795,4,0.10256410256410256,2,0.05128205128205128,3,0.07692307692307693,4,0.10256410256410256,10,0.2564102564102564,16,0.41025641025641024,2,0.05128205128205128,3,0.07692307692307693,1,0.02564102564102564,0,0,1,0.02564102564102564,4,0.10256410256410256,3,0.07692307692307693,0,0.0,6,0.15384615384615385,3,0.07692307692307693,4,0.10256410256410256,0,0.0,12,0.3076923076923077
