,_quintil,bp_em1_abs,bp_em1_per,bp_negative_abs,bp_negative_per,bp_positive_abs,bp_positive_per,mec_affection_abs,mec_affection_per,mec_em2_abs,mec_em2_per,mec_fear_abs,mec_fear_per,mec_joy_abs,mec_joy_per,mec_rejection_abs,mec_rejection_per,mec_suffering_abs,mec_suffering_per,tt_admiration_abs,tt_admiration_per,tt_anger_abs,tt_anger_per,tt_compassion_abs,tt_compassion_per,tt_desire_abs,tt_desire_per,tt_despair_abs,tt_despair_per,tt_em3_abs,tt_em3_per,tt_fear_abs,tt_fear_per,tt_friendship_abs,tt_friendship_per,tt_hate_abs,tt_hate_per,tt_joy_abs,tt_joy_per,tt_love_abs,tt_love_per,tt_schadenfreude_abs,tt_schadenfreude_per,tt_suffering_abs,tt_suffering_per
0,1,2,0.00625,196,0.6125,122,0.38125,83,0.259375,10,0.03125,10,0.03125,48,0.15,122,0.38125,47,0.146875,35,0.109375,80,0.25,8,0.025,0,0,0,0.0,13,0.040625,11,0.034375,9,0.028125,23,0.071875,42,0.13125,34,0.10625,21,0.065625,44,0.1375
1,2,8,0.025,213,0.665625,99,0.309375,56,0.175,12,0.0375,8,0.025,46,0.14375,129,0.403125,69,0.215625,28,0.0875,79,0.246875,4,0.0125,0,0,3,0.009375,15,0.046875,17,0.053125,8,0.025,24,0.075,52,0.1625,18,0.05625,16,0.05,56,0.175
2,3,3,0.009375,224,0.7,93,0.290625,45,0.140625,11,0.034375,20,0.0625,34,0.10625,145,0.453125,65,0.203125,28,0.0875,84,0.2625,5,0.015625,0,0,4,0.0125,21,0.065625,17,0.053125,0,0.0,34,0.10625,45,0.140625,16,0.05,19,0.059375,47,0.146875
3,4,4,0.0125,211,0.659375,105,0.328125,47,0.146875,15,0.046875,15,0.046875,61,0.190625,101,0.315625,81,0.253125,23,0.071875,66,0.20625,13,0.040625,0,0,4,0.0125,19,0.059375,13,0.040625,2,0.00625,15,0.046875,60,0.1875,24,0.075,7,0.021875,74,0.23125
4,5,3,0.009375,229,0.715625,88,0.275,54,0.16875,8,0.025,13,0.040625,41,0.128125,124,0.3875,80,0.25,31,0.096875,73,0.228125,8,0.025,0,0,4,0.0125,12,0.0375,15,0.046875,5,0.015625,31,0.096875,35,0.109375,14,0.04375,15,0.046875,77,0.240625
