,quantil,percentage
0,1,0.0967741935483871
1,2,0.31756756756756754
2,3,0.13970588235294118
3,4,0.06666666666666667
4,5,0.16363636363636364
