,model,acc,bal_acc,eval_loss,f1_macro,f1_micro,f1_score_class_0,f1_score_class_1,f1_score_class_2,f1_weighted,mcc,precision_class_0,precision_class_1,precision_class_2,precision_macro,precision_micro,precision_weighted,recall_class_0,recall_class_1,recall_class_2,recall_macro,recall_micro,recall_weighted,sample_class_0,sample_class_1,sample_class_2
5,bert-base-german-europeana-cased-further-pretrained,0.5429477379661382,0.3746378620956433,0.9480457330858983,0.31346196428093903,0.5429477379661382,0.6837859276785648,0.0,0.2565999651642522,0.43405204926183377,0.1674286645650381,0.5298288273017674,0.0,0.7061211567724885,0.4119833280247519,0.5429477379661382,0.5097798333631277,0.964260657870444,0.0,0.1596529284164859,0.3746378620956433,0.5429477379661382,0.5429477379661382,682.8,204.4,461.0
