,quantil,percentage
0,1,0.0213903743315508
1,2,0.026490066225165563
2,3,0.10810810810810811
3,4,0.125
4,5,0.05384615384615385
