,quantil,percentage
0,1,0.0053475935828877
1,2,0.006622516556291391
2,3,0.009009009009009009
3,4,0.022058823529411766
4,5,0.0
