,quantil,percentage
0,1,0.09090909090909091
1,2,0.06622516556291391
2,3,0.07207207207207207
3,4,0.07352941176470588
4,5,0.09230769230769231
