,quantil,percentage
0,1,0.13368983957219252
1,2,0.11920529801324503
2,3,0.09009009009009009
3,4,0.1323529411764706
4,5,0.05384615384615385
