,_quintil,bp_em1_abs,bp_em1_per,bp_negative_abs,bp_negative_per,bp_positive_abs,bp_positive_per,mec_affection_abs,mec_affection_per,mec_em2_abs,mec_em2_per,mec_fear_abs,mec_fear_per,mec_joy_abs,mec_joy_per,mec_rejection_abs,mec_rejection_per,mec_suffering_abs,mec_suffering_per,tt_admiration_abs,tt_admiration_per,tt_anger_abs,tt_anger_per,tt_compassion_abs,tt_compassion_per,tt_desire_abs,tt_desire_per,tt_despair_abs,tt_despair_per,tt_em3_abs,tt_em3_per,tt_fear_abs,tt_fear_per,tt_friendship_abs,tt_friendship_per,tt_hate_abs,tt_hate_per,tt_joy_abs,tt_joy_per,tt_love_abs,tt_love_per,tt_schadenfreude_abs,tt_schadenfreude_per,tt_suffering_abs,tt_suffering_per
0,1,29,0.11328125,143,0.55859375,84,0.328125,46,0.1796875,35,0.13671875,6,0.0234375,41,0.16015625,94,0.3671875,34,0.1328125,32,0.125,72,0.28125,2,0.0078125,0,0,1,0.00390625,48,0.1875,3,0.01171875,8,0.03125,16,0.0625,30,0.1171875,9,0.03515625,10,0.0390625,25,0.09765625
1,2,34,0.1328125,140,0.546875,82,0.3203125,45,0.17578125,29,0.11328125,13,0.05078125,53,0.20703125,71,0.27734375,45,0.17578125,16,0.0625,55,0.21484375,5,0.01953125,0,0,1,0.00390625,49,0.19140625,10,0.0390625,7,0.02734375,16,0.0625,33,0.12890625,24,0.09375,4,0.015625,36,0.140625
2,3,18,0.0703125,116,0.453125,122,0.4765625,60,0.234375,20,0.078125,9,0.03515625,58,0.2265625,73,0.28515625,36,0.140625,19,0.07421875,66,0.2578125,7,0.02734375,0,0,2,0.0078125,23,0.08984375,6,0.0234375,10,0.0390625,8,0.03125,66,0.2578125,19,0.07421875,6,0.0234375,24,0.09375
3,4,25,0.09765625,135,0.52734375,96,0.375,54,0.2109375,32,0.125,10,0.0390625,30,0.1171875,87,0.33984375,43,0.16796875,23,0.08984375,61,0.23828125,9,0.03515625,0,0,4,0.015625,40,0.15625,8,0.03125,7,0.02734375,13,0.05078125,29,0.11328125,27,0.10546875,4,0.015625,31,0.12109375
4,5,27,0.10588235294117647,157,0.615686274509804,71,0.2784313725490196,39,0.15294117647058825,38,0.14901960784313725,9,0.03529411764705882,27,0.10588235294117647,103,0.403921568627451,39,0.15294117647058825,13,0.050980392156862744,77,0.30196078431372547,9,0.03529411764705882,0,0,3,0.011764705882352941,50,0.19607843137254902,9,0.03529411764705882,9,0.03529411764705882,26,0.10196078431372549,13,0.050980392156862744,20,0.0784313725490196,4,0.01568627450980392,22,0.08627450980392157
