,_quintil,bp_em1_abs,bp_em1_per,bp_negative_abs,bp_negative_per,bp_positive_abs,bp_positive_per,mec_affection_abs,mec_affection_per,mec_em2_abs,mec_em2_per,mec_fear_abs,mec_fear_per,mec_joy_abs,mec_joy_per,mec_rejection_abs,mec_rejection_per,mec_suffering_abs,mec_suffering_per,tt_admiration_abs,tt_admiration_per,tt_anger_abs,tt_anger_per,tt_compassion_abs,tt_compassion_per,tt_desire_abs,tt_desire_per,tt_despair_abs,tt_despair_per,tt_em3_abs,tt_em3_per,tt_fear_abs,tt_fear_per,tt_friendship_abs,tt_friendship_per,tt_hate_abs,tt_hate_per,tt_joy_abs,tt_joy_per,tt_love_abs,tt_love_per,tt_schadenfreude_abs,tt_schadenfreude_per,tt_suffering_abs,tt_suffering_per
0,1,12,0.15,37,0.4625,31,0.3875,7,0.0875,18,0.225,2,0.025,20,0.25,23,0.2875,10,0.125,3,0.0375,23,0.2875,1,0.0125,0,0,0,0.0,20,0.25,4,0.05,0,0.0,4,0.05,11,0.1375,3,0.0375,2,0.025,9,0.1125
1,2,7,0.0875,40,0.5,33,0.4125,11,0.1375,12,0.15,2,0.025,18,0.225,31,0.3875,6,0.075,7,0.0875,21,0.2625,1,0.0125,0,0,0,0.0,14,0.175,2,0.025,0,0.0,6,0.075,14,0.175,4,0.05,7,0.0875,4,0.05
2,3,16,0.20253164556962025,33,0.4177215189873418,30,0.379746835443038,16,0.20253164556962025,20,0.25316455696202533,0,0.0,11,0.13924050632911392,21,0.26582278481012656,11,0.13924050632911392,3,0.0379746835443038,18,0.22784810126582278,3,0.0379746835443038,0,0,0,0.0,17,0.21518987341772153,1,0.012658227848101266,1,0.012658227848101266,2,0.02531645569620253,8,0.10126582278481013,6,0.0759493670886076,6,0.0759493670886076,14,0.17721518987341772
3,4,16,0.20253164556962025,39,0.4936708860759494,24,0.3037974683544304,6,0.0759493670886076,22,0.27848101265822783,2,0.02531645569620253,11,0.13924050632911392,28,0.35443037974683544,10,0.12658227848101267,3,0.0379746835443038,18,0.22784810126582278,2,0.02531645569620253,0,0,1,0.012658227848101266,21,0.26582278481012656,2,0.02531645569620253,1,0.012658227848101266,1,0.012658227848101266,8,0.10126582278481013,7,0.08860759493670886,3,0.0379746835443038,12,0.1518987341772152
4,5,9,0.11392405063291139,38,0.4810126582278481,32,0.4050632911392405,15,0.189873417721519,14,0.17721518987341772,0,0.0,11,0.13924050632911392,29,0.3670886075949367,10,0.12658227848101267,2,0.02531645569620253,20,0.25316455696202533,1,0.012658227848101266,0,0,1,0.012658227848101266,23,0.2911392405063291,2,0.02531645569620253,1,0.012658227848101266,2,0.02531645569620253,8,0.10126582278481013,7,0.08860759493670886,1,0.012658227848101266,11,0.13924050632911392
