,_quintil,bp_em1_abs,bp_em1_per,bp_negative_abs,bp_negative_per,bp_positive_abs,bp_positive_per,mec_affection_abs,mec_affection_per,mec_em2_abs,mec_em2_per,mec_fear_abs,mec_fear_per,mec_joy_abs,mec_joy_per,mec_rejection_abs,mec_rejection_per,mec_suffering_abs,mec_suffering_per,tt_admiration_abs,tt_admiration_per,tt_anger_abs,tt_anger_per,tt_compassion_abs,tt_compassion_per,tt_desire_abs,tt_desire_per,tt_despair_abs,tt_despair_per,tt_em3_abs,tt_em3_per,tt_fear_abs,tt_fear_per,tt_friendship_abs,tt_friendship_per,tt_hate_abs,tt_hate_per,tt_joy_abs,tt_joy_per,tt_love_abs,tt_love_per,tt_schadenfreude_abs,tt_schadenfreude_per,tt_suffering_abs,tt_suffering_per
0,1,33,0.12840466926070038,143,0.556420233463035,81,0.3151750972762646,32,0.1245136186770428,47,0.1828793774319066,10,0.038910505836575876,47,0.1828793774319066,82,0.31906614785992216,39,0.1517509727626459,13,0.05058365758754864,60,0.23346303501945526,8,0.0311284046692607,0,0,0,0.0,47,0.1828793774319066,10,0.038910505836575876,3,0.011673151750972763,16,0.0622568093385214,44,0.17120622568093385,11,0.042801556420233464,6,0.023346303501945526,39,0.1517509727626459
1,2,33,0.12890625,153,0.59765625,70,0.2734375,30,0.1171875,49,0.19140625,12,0.046875,38,0.1484375,85,0.33203125,42,0.1640625,13,0.05078125,70,0.2734375,7,0.02734375,0,0,0,0.0,46,0.1796875,5,0.01953125,11,0.04296875,17,0.06640625,29,0.11328125,11,0.04296875,10,0.0390625,37,0.14453125
2,3,50,0.1953125,158,0.6171875,48,0.1875,22,0.0859375,66,0.2578125,12,0.046875,21,0.08203125,89,0.34765625,46,0.1796875,7,0.02734375,58,0.2265625,5,0.01953125,0,0,2,0.0078125,79,0.30859375,12,0.046875,4,0.015625,16,0.0625,18,0.0703125,11,0.04296875,3,0.01171875,41,0.16015625
3,4,33,0.12890625,146,0.5703125,77,0.30078125,53,0.20703125,52,0.203125,15,0.05859375,24,0.09375,50,0.1953125,62,0.2421875,23,0.08984375,41,0.16015625,11,0.04296875,0,0,4,0.015625,58,0.2265625,9,0.03515625,6,0.0234375,8,0.03125,24,0.09375,20,0.078125,2,0.0078125,50,0.1953125
4,5,43,0.16796875,161,0.62890625,52,0.203125,29,0.11328125,44,0.171875,15,0.05859375,23,0.08984375,77,0.30078125,68,0.265625,12,0.046875,42,0.1640625,10,0.0390625,0,0,2,0.0078125,53,0.20703125,14,0.0546875,1,0.00390625,19,0.07421875,22,0.0859375,18,0.0703125,6,0.0234375,57,0.22265625
