,_quintil,bp_em1_abs,bp_em1_per,bp_negative_abs,bp_negative_per,bp_positive_abs,bp_positive_per,mec_affection_abs,mec_affection_per,mec_em2_abs,mec_em2_per,mec_fear_abs,mec_fear_per,mec_joy_abs,mec_joy_per,mec_rejection_abs,mec_rejection_per,mec_suffering_abs,mec_suffering_per,tt_admiration_abs,tt_admiration_per,tt_anger_abs,tt_anger_per,tt_compassion_abs,tt_compassion_per,tt_desire_abs,tt_desire_per,tt_despair_abs,tt_despair_per,tt_em3_abs,tt_em3_per,tt_fear_abs,tt_fear_per,tt_friendship_abs,tt_friendship_per,tt_hate_abs,tt_hate_per,tt_joy_abs,tt_joy_per,tt_love_abs,tt_love_per,tt_schadenfreude_abs,tt_schadenfreude_per,tt_suffering_abs,tt_suffering_per
0,1,17,0.2833333333333333,28,0.4666666666666667,15,0.25,5,0.08333333333333333,14,0.23333333333333334,0,0.0,10,0.16666666666666666,22,0.36666666666666664,9,0.15,1,0.016666666666666666,14,0.23333333333333334,2,0.03333333333333333,0,0,0,0.0,21,0.35,1,0.016666666666666666,1,0.016666666666666666,7,0.11666666666666667,7,0.11666666666666667,0,0.0,0,0.0,6,0.1
1,2,14,0.23333333333333334,28,0.4666666666666667,18,0.3,12,0.2,10,0.16666666666666666,2,0.03333333333333333,6,0.1,16,0.26666666666666666,14,0.23333333333333334,5,0.08333333333333333,7,0.11666666666666667,1,0.016666666666666666,0,0,0,0.0,19,0.31666666666666665,1,0.016666666666666666,2,0.03333333333333333,3,0.05,6,0.1,3,0.05,1,0.016666666666666666,12,0.2
2,3,9,0.15,33,0.55,18,0.3,12,0.2,9,0.15,3,0.05,10,0.16666666666666666,16,0.26666666666666666,10,0.16666666666666666,3,0.05,10,0.16666666666666666,0,0.0,0,0,3,0.05,9,0.15,2,0.03333333333333333,1,0.016666666666666666,3,0.05,10,0.16666666666666666,9,0.15,1,0.016666666666666666,9,0.15
3,4,8,0.13333333333333333,30,0.5,22,0.36666666666666664,14,0.23333333333333334,6,0.1,3,0.05,5,0.08333333333333333,24,0.4,8,0.13333333333333333,8,0.13333333333333333,7,0.11666666666666667,0,0.0,0,0,3,0.05,12,0.2,2,0.03333333333333333,1,0.016666666666666666,8,0.13333333333333333,8,0.13333333333333333,7,0.11666666666666667,1,0.016666666666666666,3,0.05
4,5,7,0.11864406779661017,33,0.559322033898305,19,0.3220338983050847,11,0.1864406779661017,5,0.0847457627118644,2,0.03389830508474576,6,0.1016949152542373,26,0.4406779661016949,9,0.15254237288135594,7,0.11864406779661017,12,0.2033898305084746,0,0.0,0,0,0,0.0,10,0.1694915254237288,1,0.01694915254237288,1,0.01694915254237288,14,0.23728813559322035,10,0.1694915254237288,1,0.01694915254237288,1,0.01694915254237288,2,0.03389830508474576
