,_quintil,bp_em1_abs,bp_em1_per,bp_negative_abs,bp_negative_per,bp_positive_abs,bp_positive_per,mec_affection_abs,mec_affection_per,mec_em2_abs,mec_em2_per,mec_fear_abs,mec_fear_per,mec_joy_abs,mec_joy_per,mec_rejection_abs,mec_rejection_per,mec_suffering_abs,mec_suffering_per,tt_admiration_abs,tt_admiration_per,tt_anger_abs,tt_anger_per,tt_compassion_abs,tt_compassion_per,tt_desire_abs,tt_desire_per,tt_despair_abs,tt_despair_per,tt_em3_abs,tt_em3_per,tt_fear_abs,tt_fear_per,tt_friendship_abs,tt_friendship_per,tt_hate_abs,tt_hate_per,tt_joy_abs,tt_joy_per,tt_love_abs,tt_love_per,tt_schadenfreude_abs,tt_schadenfreude_per,tt_suffering_abs,tt_suffering_per
0,1,4,0.08163265306122448,19,0.3877551020408163,26,0.5306122448979592,12,0.24489795918367346,5,0.10204081632653061,0,0.0,12,0.24489795918367346,10,0.20408163265306123,10,0.20408163265306123,9,0.1836734693877551,4,0.08163265306122448,3,0.061224489795918366,0,0,0,0,11,0.22448979591836735,0,0.0,0,0.0,3,0.061224489795918366,7,0.14285714285714285,2,0.04081632653061224,1,0.02040816326530612,9,0.1836734693877551
1,2,6,0.125,16,0.3333333333333333,26,0.5416666666666666,13,0.2708333333333333,11,0.22916666666666666,1,0.020833333333333332,10,0.20833333333333334,8,0.16666666666666666,5,0.10416666666666667,4,0.08333333333333333,10,0.20833333333333334,0,0.0,0,0,0,0,13,0.2708333333333333,0,0.0,1,0.020833333333333332,0,0.0,12,0.25,1,0.020833333333333332,2,0.041666666666666664,5,0.10416666666666667
2,3,5,0.10416666666666667,24,0.5,19,0.3958333333333333,12,0.25,7,0.14583333333333334,1,0.020833333333333332,12,0.25,9,0.1875,7,0.14583333333333334,3,0.0625,7,0.14583333333333334,0,0.0,0,0,0,0,13,0.2708333333333333,1,0.020833333333333332,0,0.0,1,0.020833333333333332,13,0.2708333333333333,6,0.125,2,0.041666666666666664,2,0.041666666666666664
3,4,4,0.08333333333333333,20,0.4166666666666667,24,0.5,10,0.20833333333333334,6,0.125,1,0.020833333333333332,13,0.2708333333333333,13,0.2708333333333333,5,0.10416666666666667,3,0.0625,10,0.20833333333333334,0,0.0,0,0,0,0,10,0.20833333333333334,0,0.0,0,0.0,2,0.041666666666666664,15,0.3125,4,0.08333333333333333,0,0.0,4,0.08333333333333333
4,5,4,0.08333333333333333,30,0.625,14,0.2916666666666667,6,0.125,6,0.125,2,0.041666666666666664,7,0.14583333333333334,21,0.4375,6,0.125,1,0.020833333333333332,11,0.22916666666666666,1,0.020833333333333332,0,0,0,0,12,0.25,3,0.0625,2,0.041666666666666664,6,0.125,4,0.08333333333333333,2,0.041666666666666664,3,0.0625,3,0.0625
