,quantil,percentage
0,1,0.5887096774193549
1,2,0.4797297297297297
2,3,0.5588235294117647
3,4,0.5619047619047619
4,5,0.34545454545454546
