,quantil,percentage
0,1,0.3790322580645161
1,2,0.46621621621621623
2,3,0.41911764705882354
3,4,0.37142857142857144
4,5,0.5818181818181818
