,quantil,percentage
0,1,0.06130268199233716
1,2,0.0995260663507109
2,3,0.10385756676557864
3,4,0.11471321695760599
4,5,0.07560137457044673
