,quantil,percentage
0,1,0.0421455938697318
1,2,0.018957345971563982
2,3,0.02967359050445104
3,4,0.07231920199501247
4,5,0.058419243986254296
