,quantil,percentage
0,1,0.011494252873563218
1,2,0.0
2,3,0.0
3,4,0.004987531172069825
4,5,0.03436426116838488
