,quantil,percentage
0,1,0.11494252873563218
1,2,0.12796208530805686
2,3,0.08011869436201781
3,4,0.16957605985037408
4,5,0.11683848797250859
