,quantil,percentage
0,1,0.02681992337164751
1,2,0.02843601895734597
2,3,0.04154302670623145
3,4,0.0399002493765586
4,5,0.041237113402061855
