,quantil,percentage
0,1,0.6138613861386139
1,2,0.44352617079889806
2,3,0.4173441734417344
3,4,0.6638888888888889
4,5,0.6853932584269663
