,quantil,percentage
0,1,0.30363036303630364
1,2,0.48760330578512395
2,3,0.5176151761517616
3,4,0.30277777777777776
4,5,0.27808988764044945
