,quantil,percentage
0,1,0.1731266149870801
1,2,0.033707865168539325
2,3,0.1089588377723971
3,4,0.09915611814345991
4,5,0.08651399491094147
