,quantil,percentage
0,1,0.11369509043927649
1,2,0.21348314606741572
2,3,0.15012106537530268
3,4,0.11392405063291139
4,5,0.21119592875318066
