,acc,auprc,auroc,bal_acc,eval_loss,f1_macro,f1_micro,f1_score_class_0,f1_score_class_1,f1_weighted,fn,fp,mcc,precision_class_0,precision_class_1,precision_macro,precision_micro,precision_weighted,recall_class_0,recall_class_1,recall_macro,recall_micro,recall_weighted,sample_class_0,sample_class_1,tn,tp
1,0.8089117395029991,0.8221863307286637,0.8761036385317359,0.7844097348796115,0.4424455109480265,0.7920841439202981,0.8089117395029991,0.8512341561040694,0.7329341317365269,0.8052116958959595,148.0,75.0,0.5913891925412382,0.8117048346055981,0.8031496062992126,0.8074272204524053,0.8089117395029991,0.8083765795489579,0.8948106591865358,0.6740088105726872,0.7844097348796115,0.8089117395029991,0.8089117395029991,713.0,454.0,638.0,306.0
1,0.7866323907455013,0.8213386505941487,0.8684886098942854,0.7745781613953575,0.4576727528427098,0.7751241494111174,0.7866323907455013,0.8259958071278826,0.7242524916943522,0.7864144316293198,127.0,122.0,0.5502794404673247,0.8231197771587744,0.7282850779510023,0.7757024275548883,0.7866323907455013,0.7862260724112778,0.8288920056100981,0.7202643171806168,0.7745781613953575,0.7866323907455013,0.7866323907455013,713.0,454.0,591.0,327.0
1,0.7934875749785776,0.7788409571594203,0.8414383413409514,0.7703081232492996,0.4916969529680304,0.7764696531964186,0.7934875749785775,0.8381464069845533,0.7147928994082839,0.7902636829639449,151.0,90.0,0.5578191441658605,0.8051612903225807,0.7704081632653061,0.7877847267939434,0.7934875749785776,0.7916710019275975,0.8739495798319328,0.6666666666666666,0.7703081232492996,0.7934875749785776,0.7934875749785776,714.0,453.0,624.0,302.0
mean,0.7963439017423593,0.8074553128274108,0.862010196588991,0.7764320065080895,0.4639384055862556,0.7812259821759447,0.7963439017423593,0.8384587900721684,0.723993174279721,0.7939632701630748,142.0,95.66666666666667,0.5664959257248078,0.8133286340289844,0.7672809491718403,0.7903047916004123,0.7963439017423593,0.7954245512959445,0.8658840815428556,0.6869799314733235,0.7764320065080895,0.7963439017423593,0.7963439017423593,713.3333333333334,453.6666666666667,617.6666666666666,311.6666666666667
