,pre1_base_polarity,pre1_base_polarity_percentage
being moved,13183,14.763755277569352
negative,44107,49.39580930196096
positive,32003,35.84043542046969
