,pre1_tag_type,pre1_tag_type_percentage
Schadenfreude,1550,1.735858353958317
abhorrence,8083,9.05222133873876
"admiration, reverence",6265,7.0162274758379715
anger,14640,16.395462130290166
being moved,13183,14.763755277569352
compassion,1998,2.2375774136830433
desire,71,0.07951351169744549
despair,1188,1.3304514351628907
fear,5068,5.675696863135967
friendship,1346,1.5073969964050935
joy,13807,15.462578253614506
love,8964,10.038860828956357
suffering,13130,14.704400120950131
