,pre1_main_emotion_class,pre1_main_emotion_class_percentage
being moved,13183,14.763755277569352
emotions of affection,16646,18.64199881289687
emotions of anxiety,6256,7.006148298298859
emotions of pleasure,15357,17.198436607572823
emotions of rejection,22723,25.447683469028924
emotions of suffering and empathy,15128,16.941977534633175
