,model,acc,bal_acc,eval_loss,f1_macro,f1_micro,f1_score_class_0,f1_score_class_1,f1_score_class_2,f1_score_class_3,f1_score_class_4,f1_score_class_5,f1_weighted,mcc,precision_class_0,precision_class_1,precision_class_2,precision_class_3,precision_class_4,precision_class_5,precision_macro,precision_micro,precision_weighted,recall_class_0,recall_class_1,recall_class_2,recall_class_3,recall_class_4,recall_class_5,recall_macro,recall_micro,recall_weighted,sample_class_0,sample_class_1,sample_class_2,sample_class_3,sample_class_4,sample_class_5
5,bert-base-german-cased,0.602759078057852,0.5742824468035652,1.3908025031348312,0.5770546259367242,0.602759078057852,0.5774603429971212,0.4579592505898911,0.6555151776147481,0.473107407549697,0.6182034459821767,0.6800821308867109,0.6014931103436416,0.5121678121003332,0.5624324984671615,0.4844977123908144,0.6481400774941953,0.4833874797911569,0.6381244272348601,0.6731902449920474,0.5816287400617061,0.602759078057852,0.6017520399574878,0.594074074074074,0.4351957250363625,0.6634612552164307,0.4638095959213549,0.6016630005565421,0.6874910300166273,0.5742824468035652,0.602759078057852,0.602759078057852,540.0,251.4,605.6,281.6,388.6,585.6
