,model,acc,bal_acc,eval_loss,f1_macro,f1_micro,f1_score_class_0,f1_score_class_1,f1_score_class_10,f1_score_class_11,f1_score_class_12,f1_score_class_2,f1_score_class_3,f1_score_class_4,f1_score_class_5,f1_score_class_6,f1_score_class_7,f1_score_class_8,f1_score_class_9,f1_weighted,mcc,precision_class_0,precision_class_1,precision_class_10,precision_class_11,precision_class_12,precision_class_2,precision_class_3,precision_class_4,precision_class_5,precision_class_6,precision_class_7,precision_class_8,precision_class_9,precision_macro,precision_micro,precision_weighted,recall_class_0,recall_class_1,recall_class_10,recall_class_11,recall_class_12,recall_class_2,recall_class_3,recall_class_4,recall_class_5,recall_class_6,recall_class_7,recall_class_8,recall_class_9,recall_macro,recall_micro,recall_weighted,sample_class_0,sample_class_1,sample_class_10,sample_class_11,sample_class_12,sample_class_2,sample_class_3,sample_class_4,sample_class_5,sample_class_6,sample_class_7,sample_class_8,sample_class_9
5,bert-base-german-cased,0.4892935172851362,0.40329311667478396,1.7953818023922932,0.4097949309362474,0.4892935172851362,0.4722012969134342,0.3974652859992448,0.4189130241381373,0.0,0.468565865338782,0.4887955108412291,0.3103684568200051,0.4520153737821332,0.4351799928260647,0.4785432604640375,0.6156421358256321,0.17827939045700086,0.6113645087655154,0.4840385674633352,0.4266113704289221,0.4675853334291511,0.4789959357236871,0.4237811233585337,0.0,0.535289332709211,0.4710262789961739,0.3291209131874093,0.4592106901830392,0.4313525162243138,0.4599472766913458,0.5991129297848896,0.2978488902401946,0.5953584956818154,0.4268176704776742,0.4892935172851362,0.4841507584812737,0.4775384615384615,0.34225721784776897,0.4162861869313482,0.0,0.4173913043478262,0.5084488425682235,0.3003288335064036,0.4466091954022989,0.4397610574478902,0.4999722369450544,0.6361598440545808,0.1295673076923077,0.6284900284900286,0.40329311667478396,0.4892935172851362,0.4892935172851362,325.0,126.2,155.2,10.4,69.0,413.8,107.2,144.2,280.6,281.6,323.8,64.8,351.0
