,quantil,percentage
0,1,0.210727969348659
1,2,0.14218009478672985
2,3,0.10089020771513353
3,4,0.1396508728179551
4,5,0.16494845360824742
