,quantil,percentage
0,1,0.13793103448275862
1,2,0.05687203791469194
2,3,0.08011869436201781
3,4,0.05236907730673317
4,5,0.020618556701030927
