,quantil,percentage
0,1,0.08870967741935484
1,2,0.0945945945945946
2,3,0.04411764705882353
3,4,0.047619047619047616
4,5,0.02727272727272727
