,quantil,percentage
0,1,0.0967741935483871
1,2,0.3108108108108108
2,3,0.125
3,4,0.05714285714285714
4,5,0.14545454545454545
