,quantil,percentage
0,1,0.0
1,2,0.006756756756756757
2,3,0.014705882352941176
3,4,0.009523809523809525
4,5,0.01818181818181818
