,quantil,percentage
0,1,0.056451612903225805
1,2,0.06756756756756757
2,3,0.20588235294117646
3,4,0.05714285714285714
4,5,0.2545454545454545
