,model,acc,auprc,auroc,bal_acc,eval_loss,f1_macro,f1_micro,f1_score_class_0,f1_score_class_1,f1_weighted,fn,fp,mcc,precision_class_0,precision_class_1,precision_macro,precision_micro,precision_weighted,recall_class_0,recall_class_1,recall_macro,recall_micro,recall_weighted,sample_class_0,sample_class_1,tn,tp
3,bert-base-german-cased-annotated_text,0.7952013710368466,0.8072950113575205,0.8635727178517062,0.7811110393215741,0.7710769892678604,0.7826872355256058,0.7952013710368466,0.8345502691737776,0.7308242018774341,0.7942316347928463,128.0,111.0,0.5669039792742234,0.8256414803336353,0.7460855449681439,0.7858635126508897,0.7952013710368466,0.7947148015539643,0.8443970388529417,0.7178250397902061,0.7811110393215741,0.7952013710368466,0.7952013710368466,713.3333333333335,453.66666666666674,602.3333333333334,325.6666666666667
3,bert-base-german-cased-annotated_plays,0.8094830048557555,0.8156653468951229,0.8669134896805547,0.7952013268416985,0.7150447180679252,0.7976371625814753,0.8094830048557555,0.8465571111384887,0.7487172140244618,0.8085262874340732,122.0,100.33333333333331,0.5960337708740592,0.8342310978330666,0.7675033765637792,0.8008672371984229,0.8094830048557555,0.80829053932847,0.8593487886038006,0.7310538650795967,0.7952013268416985,0.8094830048557555,0.8094830048557555,713.3333333333335,453.66666666666674,613.0,331.6666666666667
3,bert-base-german-cased-gerdracor_kasperl,0.7963439017423593,0.8074553128274108,0.862010196588991,0.7764320065080895,0.4639384055862556,0.7812259821759447,0.7963439017423593,0.8384587900721684,0.723993174279721,0.7939632701630748,142.0,95.66666666666669,0.5664959257248078,0.8133286340289844,0.7672809491718403,0.7903047916004123,0.7963439017423593,0.7954245512959445,0.8658840815428556,0.6869799314733235,0.7764320065080895,0.7963439017423593,0.7963439017423593,713.3333333333335,453.66666666666674,617.6666666666666,311.6666666666667
