,quantil,percentage
0,1,0.26859504132231404
1,2,0.1875
2,3,0.14344262295081966
3,4,0.14018691588785046
4,5,0.16017316017316016
