,quantil,percentage
0,1,0.07851239669421488
1,2,0.07142857142857142
2,3,0.0778688524590164
3,4,0.0514018691588785
4,5,0.07792207792207792
