,quantil,percentage
0,1,0.049586776859504134
1,2,0.044642857142857144
2,3,0.02459016393442623
3,4,0.06074766355140187
4,5,0.03463203463203463
