,quantil,percentage
0,1,0.05371900826446281
1,2,0.017857142857142856
2,3,0.02459016393442623
3,4,0.04672897196261682
4,5,0.08225108225108226
