,quantil,percentage
0,1,0.47639484978540775
1,2,0.4859154929577465
2,3,0.4689922480620155
3,4,0.5398936170212766
4,5,0.7112068965517241
