,quantil,percentage
0,1,0.1731266149870801
1,2,0.14382022471910114
2,3,0.14285714285714285
3,4,0.1308016877637131
4,5,0.21628498727735368
