,quantil,percentage
0,1,0.4806201550387597
1,2,0.6629213483146067
2,3,0.6464891041162227
3,4,0.5949367088607594
4,5,0.6081424936386769
