,quantil,percentage
0,1,0.3462532299741602
1,2,0.19325842696629214
2,3,0.2106537530266344
3,4,0.2742616033755274
4,5,0.17557251908396945
