,pre1_base_polarity,pre1_base_polarity_percentage
being moved,2676,15.905848787446505
negative,7775,46.21374227294341
positive,6373,37.880408939610085
