,pre1_main_emotion_class,pre1_main_emotion_class_percentage
being moved,2676,15.905848787446505
emotions of affection,3198,19.008559201141225
emotions of anxiety,1200,7.132667617689016
emotions of pleasure,3175,18.871849738468853
emotions of rejection,4213,25.041607227769852
emotions of suffering and empathy,2362,14.039467427484546
