,model,acc,bal_acc,f1_macro,f1_micro,f1_score_class_0,f1_score_class_1,f1_weighted,mcc,precision_class_0,precision_class_1,precision_macro,precision_micro,precision_weighted,recall_class_0,recall_class_1,recall_macro,recall_micro,recall_weighted,sample_class_0,sample_class_1
5,svm,0.6180069930069929,0.5390741370056183,0.4827498083312037,0.6180069930069929,0.7472527472527474,0.21824686940966007,0.5340781758491957,0.1369623897369183,0.6175908221797323,0.6224489795918368,0.6200199008857845,0.6180069930069929,0.6195485237242954,0.9458272327964861,0.13232104121475055,0.5390741370056183,0.6180069930069929,0.6180069930069929,683.0,461.0
5,bayes,0.6954023885126247,0.6650402293384909,0.668349568281335,0.6954023885126247,0.7630436225911658,0.573655513971504,0.6867119748202105,0.34970794898787383,0.7122983028850702,0.6582182074227818,0.6852582551539259,0.6954023885126247,0.6905026802502514,0.8216205888288257,0.5084598698481562,0.6650402293384909,0.6954023885126247,0.6954023885126247,682.8,461.0
