,quantil,percentage
0,1,0.23703703703703705
1,2,0.3053691275167785
2,3,0.3662551440329218
3,4,0.2857142857142857
4,5,0.24434389140271492
