,pre1_main_emotion_class,pre1_main_emotion_class_percentage
being moved,10483,5.563870666411906
emotions of affection,17691,9.38952932934208
emotions of anxiety,9407,4.992781776107679
emotions of pleasure,11101,5.891875252107084
emotions of rejection,18953,10.059338046408934
emotions of suffering and empathy,20492,10.87616500010615
no_annotation,100285,53.22643992951617
