,pre1_base_polarity,pre1_base_polarity_percentage
being moved,1407,17.015358568146087
negative,4315,52.18285161446366
positive,2547,30.80178981739025
