,pre1_tag_type,pre1_tag_type_percentage
Schadenfreude,131,1.5842302575885838
abhorrence,708,8.562099407425324
"admiration, reverence",502,6.070867093965413
anger,1610,19.470310799371145
being moved,1407,17.015358568146087
compassion,181,2.188898294836135
despair,74,0.8949086951263755
fear,458,5.5387592211875685
friendship,99,1.1972427137501511
joy,1186,14.34272584351191
love,629,7.6067239085741924
suffering,1284,15.527875196517114
