,pre1_main_emotion_class,pre1_main_emotion_class_percentage
being moved,1407,17.015358568146087
emotions of affection,1230,14.874833716289757
emotions of anxiety,532,6.433667916313944
emotions of pleasure,1317,15.926956101100496
emotions of rejection,2318,28.03241020679647
emotions of suffering and empathy,1465,17.716773491353248
