,model,acc,bal_acc,eval_loss,f1_macro,f1_micro,f1_score_class_0,f1_score_class_1,f1_score_class_2,f1_weighted,mcc,precision_class_0,precision_class_1,precision_class_2,precision_macro,precision_micro,precision_weighted,recall_class_0,recall_class_1,recall_class_2,recall_macro,recall_micro,recall_weighted,sample_class_0,sample_class_1,sample_class_2
5,bert-base-german-cased,0.627802328573974,0.5690412892978247,1.307422737881195,0.5731483681648137,0.627802328573974,0.6904895385827311,0.40253641083687147,0.6264191550748386,0.6249306562536663,0.3766017263996286,0.6773467881914679,0.4339023512746508,0.6282995152531867,0.5798495515731018,0.627802328573974,0.6236681721854664,0.7047431763437999,0.3776518412242945,0.6247288503253796,0.5690412892978247,0.627802328573974,0.627802328573974,682.8,204.4,461.0
