,quantil,percentage
0,1,0.25133689839572193
1,2,0.32450331125827814
2,3,0.26126126126126126
3,4,0.25
4,5,0.23076923076923078
