,pre1_base_polarity,pre1_base_polarity_percentage
being moved,21,0.39347948285553686
negative,279,5.227655986509275
no_annotation,4886,91.54955967772158
positive,151,2.829304852913622
