,pre1_base_polarity,pre1_base_polarity_percentage
being moved,1843,3.6402062059294082
negative,16415,32.42212960951233
no_annotation,22820,45.07298188785084
positive,9551,18.86468229670742
