,pre1_main_emotion_class,pre1_main_emotion_class_percentage
being moved,1843,3.6402062059294082
emotions of affection,6090,12.028679215469396
emotions of anxiety,2204,4.35323628750321
emotions of pleasure,3461,6.836003081238026
emotions of rejection,6565,12.966876691224396
emotions of suffering and empathy,7646,15.102016630784728
no_annotation,22820,45.07298188785084
