,pre1_tag_type,pre1_tag_type_percentage
Schadenfreude,14,0.26231965523702455
abhorrence,52,0.9743301480232341
"admiration, reverence",25,0.468427955780401
anger,92,1.7238148772718755
being moved,21,0.39347948285553686
compassion,2,0.03747423646243208
desire,1,0.01873711823121604
despair,5,0.0936855911560802
fear,36,0.6745362563237773
friendship,3,0.056211354693648116
joy,87,1.6301292861157952
love,21,0.39347948285553686
no_annotation,4886,91.54955967772158
suffering,92,1.7238148772718755
