,pre1_main_emotion_class,pre1_main_emotion_class_percentage
being moved,21,0.39347948285553686
emotions of affection,50,0.936855911560802
emotions of anxiety,41,0.7682218474798576
emotions of pleasure,101,1.89244894135282
emotions of rejection,144,2.6981450252951094
emotions of suffering and empathy,94,1.7612891137343076
no_annotation,4886,91.54955967772158
