,model,acc,bal_acc,f1_macro,f1_micro,f1_score_class_0,f1_score_class_1,f1_weighted,mcc,precision_class_0,precision_class_1,precision_macro,precision_micro,precision_weighted,recall_class_0,recall_class_1,recall_macro,recall_micro,recall_weighted,sample_class_0,sample_class_1
5,svm,0.7727044656297042,0.7221455520045139,0.7311414395216744,0.7727044656297042,0.8368445904671568,0.625438288576192,0.7531518798841303,0.532669255008033,0.738776911674452,0.8998858447488584,0.8193313782116552,0.7727044656297042,0.8025576182453034,0.9649501661129568,0.4793409378960711,0.7221455520045139,0.7727044656297042,0.7727044656297042,1204.0,789.0
5,bayes,0.8270423893264981,0.8157767563461441,0.8178969950336713,0.8270423893264981,0.858681735307093,0.7771122547602494,0.8263879513363375,0.6363533207981649,0.8478254636542033,0.7933749175921628,0.8206001906231829,0.8270423893264981,0.8262683129171711,0.8698896446591163,0.7616638680331718,0.8157767563461441,0.8270423893264981,0.8270423893264981,1203.6,788.8
