,model,acc,auprc,auroc,bal_acc,eval_loss,f1_macro,f1_micro,f1_score_class_0,f1_score_class_1,f1_weighted,fn,fp,mcc,precision_class_0,precision_class_1,precision_macro,precision_micro,precision_weighted,recall_class_0,recall_class_1,recall_macro,recall_micro,recall_weighted,sample_class_0,sample_class_1,tn,tp
5,bert-base-german-europeana-cased-further-pretrained,0.6452193038807212,0.6277936123802246,0.7135391584868691,0.5676892392886641,0.6348493463463253,0.5178249525951417,0.6452193038807212,0.7651594814509874,0.27049042373929594,0.5657909930888995,383.6,22.2,0.2325584971298343,0.633127831777624,0.7807775995171876,0.7069527156474058,0.6452193038807212,0.6926344686137512,0.9674826000523822,0.16789587852494578,0.5676892392886641,0.6452193038807212,0.6452193038807212,682.8,461.0,660.6,77.4
