,quantil,percentage
0,1,0.3065134099616858
1,2,0.2132701421800948
2,3,0.21068249258160238
3,4,0.26683291770573564
4,5,0.22336769759450173
