,quantil,percentage
0,1,0.05747126436781609
1,2,0.11374407582938388
2,3,0.20474777448071216
3,4,0.14214463840399003
4,5,0.20618556701030927
