,pre1_base_polarity,pre1_base_polarity_percentage
emotional movement,26853,15.720516348095892
negative,89326,52.29400228317185
positive,54636,31.985481368732255
