,model,acc,bal_acc,f1_macro,f1_micro,f1_score_class_0,f1_score_class_1,f1_score_class_2,f1_score_class_3,f1_score_class_4,f1_score_class_5,f1_weighted,mcc,precision_class_0,precision_class_1,precision_class_2,precision_class_3,precision_class_4,precision_class_5,precision_macro,precision_micro,precision_weighted,recall_class_0,recall_class_1,recall_class_2,recall_class_3,recall_class_4,recall_class_5,recall_macro,recall_micro,recall_weighted,sample_class_0,sample_class_1,sample_class_2,sample_class_3,sample_class_4,sample_class_5
5,svm,0.5306838106370544,0.4546102288927283,0.466750086847204,0.5306838106370544,0.4810606060606061,0.14925373134328354,0.5551948051948051,0.4923076923076922,0.5049999999999999,0.6176836861768369,0.5122305789984476,0.4179902928401916,0.5906976744186047,0.9090909090909092,0.42696629213483145,0.5555555555555556,0.7769230769230769,0.6048780487804878,0.6440185928172443,0.5306838106370544,0.6012687815995532,0.4057507987220447,0.08130081300813008,0.7935034802784223,0.441988950276243,0.3740740740740741,0.6310432569974554,0.4546102288927283,0.5306838106370544,0.5306838106370544,313.0,123.0,431.0,181.0,270.0,393.0
5,bayes,0.588984247097385,0.4972172165400234,0.5084024960453241,0.588984247097385,0.5830449911192539,0.21045430290199332,0.6376484203101785,0.3982976603093687,0.5592575182125449,0.6617120834186052,0.5647722942659847,0.48624537504091,0.6342731064355018,0.7980760851349086,0.5369703907804585,0.7020081355426183,0.6710861972210453,0.5766957806500482,0.6531849492940969,0.588984247097385,0.6212669584374629,0.5402209967237134,0.12224443555910973,0.7849544056547779,0.2793151599781434,0.4799779705355913,0.7765903307888041,0.4972172165400234,0.588984247097385,0.588984247097385,313.2,122.8,430.6,181.2,269.6,393.0
