,pre1_base_polarity,pre1_base_polarity_percentage
being moved,1407,6.528699364298641
negative,4315,20.022272748364344
no_annotation,13282,61.63055078650642
positive,2547,11.818477100830588
