,pre1_main_emotion_class,pre1_main_emotion_class_percentage
being moved,1407,6.528699364298641
emotions of affection,1230,5.707391768363417
emotions of anxiety,532,2.468562943714909
emotions of pleasure,1317,6.11108533246717
emotions of rejection,2318,10.75588139761496
emotions of suffering and empathy,1465,6.797828407034475
no_annotation,13282,61.63055078650642
