,pre1_tag_type,pre1_tag_type_percentage
Schadenfreude,131,0.6078604241102501
abhorrence,708,3.285230383740894
"admiration, reverence",502,2.3293582664377523
anger,1610,7.4706510138740665
being moved,1407,6.528699364298641
compassion,181,0.8398682195721776
despair,74,0.3433715372836527
fear,458,2.1251914064312563
friendship,99,0.4593754350146165
joy,1186,5.503224908356921
love,629,2.9186580669110485
no_annotation,13282,61.63055078650642
suffering,1284,5.957960187462299
