,quantil,percentage_Postzug,percentage_Testament,percentage_ZaertlichenSchwestern,percentage_Minna,percentage_Mandoletti,percentage_Menschenhass_Kotzebue,average
0,1,0.0,0.0,0.0,0.0,0.01532567049808429,0.0,0.0025542784163473816
1,2,0.0,0.0,0.0,0.0,0.0,0.0,0.0
2,3,0.0,0.0,0.0,0.0,0.008902077151335312,0.0,0.001483679525222552
3,4,0.009523809523809523,0.0,0.0,0.0,0.0,0.0,0.001587301587301587
4,5,0.0,0.0,0.0,0.0,0.010309278350515464,0.0,0.001718213058419244
