,quantil,percentage_Postzug,percentage_Testament,percentage_ZaertlichenSchwestern,percentage_Minna,percentage_Mandoletti,percentage_Menschenhass_Kotzebue,average
0,1,0.05645161290322581,0.0962962962962963,0.1593625498007968,0.06896551724137931,0.13793103448275862,0.04477611940298507,0.09396385502124033
1,2,0.06756756756756757,0.053691275167785234,0.1111111111111111,0.021052631578947368,0.05687203791469194,0.24390243902439024,0.0923661770607489
2,3,0.2058823529411765,0.05349794238683128,0.14349775784753366,0.0684931506849315,0.08011869436201781,0.046948356807511735,0.09973970917166708
3,4,0.057142857142857134,0.05263157894736842,0.08658008658008658,0.02631578947368421,0.05236907730673317,0.025477707006369428,0.050086182742849816
4,5,0.2545454545454545,0.08144796380090498,0.07009345794392523,0.008130081300813009,0.020618556701030927,0.01183431952662722,0.07444497230312598
