,quantil,percentage_Postzug,percentage_Testament,percentage_ZaertlichenSchwestern,percentage_Minna,percentage_Mandoletti,percentage_Menschenhass_Kotzebue,average
0,1,0.03225806451612903,0.003703703703703704,0.00398406374501992,0.006896551724137931,0.0,0.01990049751243781,0.0111238135335714
1,2,0.027027027027027032,0.006711409395973154,0.004830917874396135,0.021052631578947368,0.0,0.0,0.009936997646057282
2,3,0.0,0.00411522633744856,0.008968609865470852,0.00684931506849315,0.005934718100890208,0.09859154929577464,0.02074323644467957
3,4,0.028571428571428567,0.0,0.004329004329004329,0.046052631578947366,0.02244389027431421,0.01910828025477707,0.020084205834745256
4,5,0.0,0.0,0.018691588785046728,0.028455284552845524,0.003436426116838488,0.005917159763313609,0.009416743203007392
