,comedies_pre1_main_emotion_class,comedies_pre1_main_emotion_class_percentage,tragedies_pre1_main_emotion_class,tragedies_pre1_main_emotion_class_percentage,schauspiel_pre1_main_emotion_class,schauspiel_pre1_main_emotion_class_percentage
being moved,13183,5.792866464826671,10483,5.563870666411906,6577,5.953652575359826
emotions of affection,16646,7.314575982212301,17691,9.38952932934208,9709,8.788811442020458
emotions of anxiety,6256,2.749008010616374,9407,4.992781776107679,4145,3.7521499049515703
emotions of pleasure,15357,6.7481643252934225,11101,5.891875252107084,7532,6.818140671675568
emotions of rejection,22723,9.984927913241027,18953,10.059338046408934,9674,8.75712863220784
emotions of suffering and empathy,15128,6.647537273753916,20492,10.87616500010615,10145,9.183488729971938
no_annotation,138280,60.762920030056286,100285,53.22643992951617,62688,56.7466280438128
