,pre1_base_polarity,pre1_base_polarity_percentage
being moved,13183,5.792866464826671
negative,44107,19.381473197611314
no_annotation,138280,60.762920030056286
positive,32003,14.062740307505722
