,pre1_main_emotion_class,pre1_main_emotion_class_percentage
being moved,13183,5.792866464826671
emotions of affection,16646,7.314575982212301
emotions of anxiety,6256,2.749008010616374
emotions of pleasure,15357,6.7481643252934225
emotions of rejection,22723,9.984927913241027
emotions of suffering and empathy,15128,6.647537273753916
no_annotation,138280,60.762920030056286
