,comedies_pre1_base_polarity,comedies_pre1_base_polarity_percentage,tragedies_pre1_base_polarity,tragedies_pre1_base_polarity_percentage,schauspiel_pre1_base_polarity,schauspiel_pre1_base_polarity_percentage
being moved,13183,5.792866464826671,10483,5.563870666411906,6577,5.953652575359826
negative,44107,19.381473197611314,48852,25.92828482262276,23964,21.692767267131348
no_annotation,138280,60.762920030056286,100285,53.22643992951617,62688,56.7466280438128
positive,32003,14.062740307505722,28792,15.281404581449165,17241,15.606952113696027
