,pre1_main_emotion_class,pre1_main_emotion_class_percentage
being moved,1906,15.036289050173558
emotions of affection,2779,21.923319659198484
emotions of anxiety,783,6.177027453455349
emotions of pleasure,1838,14.499842221520984
emotions of rejection,3212,25.339223729883244
emotions of suffering and empathy,2158,17.02429788576838
