,pre1_tag_type,pre1_tag_type_percentage
Schadenfreude,157,1.238561060271379
abhorrence,1172,9.24581887030609
"admiration, reverence",907,7.155254023351215
anger,2040,16.093404859577156
being moved,1906,15.036289050173558
compassion,339,2.6743452193120856
desire,5,0.039444619753865574
despair,140,1.1044493531082362
fear,643,5.072578100347112
friendship,324,2.5560113600504892
joy,1681,13.261281161249606
love,1543,12.172609656042916
suffering,1819,14.349952666456295
