,model,acc,bal_acc,f1_macro,f1_micro,f1_score_class_0,f1_score_class_1,f1_score_class_2,f1_score_class_3,f1_score_class_4,f1_score_class_5,f1_weighted,mcc,precision_class_0,precision_class_1,precision_class_2,precision_class_3,precision_class_4,precision_class_5,precision_macro,precision_micro,precision_weighted,recall_class_0,recall_class_1,recall_class_2,recall_class_3,recall_class_4,recall_class_5,recall_macro,recall_micro,recall_weighted,sample_class_0,sample_class_1,sample_class_2,sample_class_3,sample_class_4,sample_class_5
5,svm,0.471541650961176,0.4137666626555279,0.4201004742604456,0.471541650961176,0.4117647058823529,0.1907894736842105,0.5142857142857143,0.3797468354430379,0.4353982300884957,0.5886178861788618,0.4534139070837097,0.3449220292015655,0.4087591240875912,0.5471698113207547,0.4071222329162657,0.4663212435233161,0.6988636363636364,0.5621118012422359,0.5150579749089667,0.471541650961176,0.503986943950065,0.4148148148148148,0.11553784860557767,0.698019801980198,0.3202846975088968,0.3161953727506427,0.6177474402730375,0.4137666626555279,0.471541650961176,0.471541650961176,540.0,251.0,606.0,281.0,389.0,586.0
5,bayes,0.515077384718856,0.4589445940291972,0.4666765446073906,0.515077384718856,0.5011430679536057,0.2857543230168065,0.5642195466390623,0.3588753278528921,0.4804182270396408,0.6096487751423363,0.5009417485350058,0.3983094597623408,0.4623222799088116,0.44956937417034,0.5091554344002313,0.5007367100674021,0.6045410734765506,0.5498018220090986,0.5126877823387389,0.515077384718856,0.5160249929068067,0.5474074074074073,0.21001391260355406,0.6330976734037039,0.27982887862497163,0.3988869159621552,0.6844327761733905,0.4589445940291972,0.515077384718856,0.515077384718856,540.0,251.4,605.6,281.6,388.6,585.6
