,quantil,percentage
0,1,0.06666666666666667
1,2,0.1174496644295302
2,3,0.06584362139917696
3,4,0.12030075187969924
4,5,0.06334841628959276
