,quantil,percentage
0,1,0.044444444444444446
1,2,0.04697986577181208
2,3,0.0823045267489712
3,4,0.09398496240601503
4,5,0.07239819004524888
