,quantil,percentage
0,1,0.025925925925925925
1,2,0.020134228187919462
2,3,0.02880658436213992
3,4,0.03007518796992481
4,5,0.049773755656108594
