,quantil,percentage
0,1,0.17037037037037037
1,2,0.18791946308724833
2,3,0.3004115226337449
3,4,0.16541353383458646
4,5,0.18099547511312217
