,comedies_pre1_base_polarity,comedies_pre1_base_polarity_percentage,tragedies_pre1_base_polarity,tragedies_pre1_base_polarity_percentage
emotional movement,26853,15.720516348095892,26533,13.101810245217616
negative,89326,52.29400228317185,114186,56.38424997777931
positive,54636,31.985481368732255,61795,30.513939777003074
