,comedies_pre1_main_emotion_class,comedies_pre1_main_emotion_class_percentage,tragedies_pre1_main_emotion_class,tragedies_pre1_main_emotion_class_percentage
emotional movement,32839,19.22489242748002,33882,16.730695161815973
emotions of affection,24529,14.359980095424874,29754,14.692317568168125
emotions of fear,9895,5.792816790094546,20571,10.157816249740758
emotions of joy,27940,16.356877323420075,29482,14.558005866261098
emotions of rejection,49838,29.176594561367565,52850,26.096961197744356
emotions of suffering,25774,15.08883880221292,35975,17.76420395626969
