,model,acc,bal_acc,f1_macro,f1_micro,f1_score_class_0,f1_score_class_1,f1_score_class_2,f1_score_class_3,f1_score_class_4,f1_score_class_5,f1_weighted,mcc,precision_class_0,precision_class_1,precision_class_2,precision_class_3,precision_class_4,precision_class_5,precision_macro,precision_micro,precision_weighted,recall_class_0,recall_class_1,recall_class_2,recall_class_3,recall_class_4,recall_class_5,recall_macro,recall_micro,recall_weighted,sample_class_0,sample_class_1,sample_class_2,sample_class_3,sample_class_4,sample_class_5
5,svm,0.3916015346796241,0.2446805017847516,0.2291188835063016,0.39160153467962416,0.5151259588585485,0.06982181129351832,0.030564768925050226,0.23791951388459526,0.16062909618323165,0.3606521518928659,0.30414435685559754,0.18464988699957274,0.3577325785804379,0.4074748780631133,0.26055555555555554,0.4937056811113415,0.6376703581786366,0.6930688671833704,0.4750346531120758,0.3916015346796241,0.4786817728922022,0.9198560778629116,0.03824792727999201,0.016286818605890978,0.15728414172686614,0.09230422026630558,0.2441038249665432,0.2446805017847516,0.3916015346796241,0.3916015346796241,439.2,141.2,122.8,152.6,210.2,253.2
5,bayes,0.4513353780412158,0.3328874783446546,0.34239660926003024,0.4513353780412158,0.5469491885543002,0.22153510554157124,0.10255940144758964,0.2506519505526457,0.4392947388701721,0.4933892705939026,0.40904851330038977,0.27359475156851365,0.4171241995498722,0.4528050778050778,0.3234389140271493,0.3982467302933899,0.597183089860812,0.530425148374069,0.4532038599850618,0.4513353780412158,0.46049891240437,0.7941706357423897,0.1473179502547198,0.06185525789684127,0.18341933264533886,0.3492439629880388,0.4613177305405994,0.3328874783446546,0.4513353780412158,0.4513353780412158,439.2,141.2,122.8,152.6,210.2,253.2
