,model,acc,bal_acc,eval_loss,f1_macro,f1_micro,f1_score_class_0,f1_score_class_1,f1_score_class_2,f1_weighted,mcc,precision_class_0,precision_class_1,precision_class_2,precision_macro,precision_micro,precision_weighted,recall_class_0,recall_class_1,recall_class_2,recall_macro,recall_micro,recall_weighted,sample_class_0,sample_class_1,sample_class_2
5,bert-base-german-europeana-cased-further-pretrained,0.7362784610495304,0.5760518932306155,0.6496207735624658,0.5833925181272341,0.7362784610495304,0.7860863510377581,0.21508478346874396,0.7490064198752004,0.7118626146572189,0.5216402008348997,0.732013188247658,0.6580520159151517,0.7500192061638291,0.7133614701088796,0.7362784610495304,0.7307813582632925,0.8493915533285612,0.1292244012013831,0.7495397251619018,0.5760518932306155,0.7362784610495304,0.7362784610495304,1397.0,281.6,974.2
