,quantil,percentage
0,1,0.043824701195219126
1,2,0.00966183574879227
2,3,0.008968609865470852
3,4,0.13852813852813853
4,5,0.08411214953271028
