,quantil,percentage
0,1,0.0796812749003984
1,2,0.20772946859903382
2,3,0.13452914798206278
3,4,0.12121212121212122
4,5,0.14953271028037382
