,quantil,percentage
0,1,0.043824701195219126
1,2,0.03864734299516908
2,3,0.04484304932735426
3,4,0.04329004329004329
4,5,0.09345794392523364
