,quantil,percentage
0,1,0.00398406374501992
1,2,0.024154589371980676
2,3,0.0
3,4,0.004329004329004329
4,5,0.004672897196261682
