,quantil,percentage
0,1,0.00398406374501992
1,2,0.004830917874396135
2,3,0.008968609865470852
3,4,0.004329004329004329
4,5,0.018691588785046728
