,model,acc,bal_acc,eval_loss,f1_macro,f1_micro,f1_score_class_0,f1_score_class_1,f1_score_class_2,f1_weighted,mcc,precision_class_0,precision_class_1,precision_class_2,precision_macro,precision_micro,precision_weighted,recall_class_0,recall_class_1,recall_class_2,recall_macro,recall_micro,recall_weighted,sample_class_0,sample_class_1,sample_class_2
5,bert-base-german-cased,0.7578402662059344,0.6775572316360963,0.8814614206552506,0.6836589494808694,0.7578402662059344,0.7997527075385181,0.477288323325427,0.7739358175786629,0.756044196593582,0.5759830382103422,0.7832822161958334,0.5033449401695862,0.7880590335399441,0.6915620633017878,0.7578402662059344,0.7553214151042406,0.8170365068002863,0.4552181923727316,0.7604169957352709,0.6775572316360963,0.7578402662059344,0.7578402662059344,1397.0,281.6,974.2
