,Unnamed: 0,pre1_base_polarity_cp,pre1_base_polarity_percentage_cp,pre1_base_polarity_sd,pre1_base_polarity_percentage_sd
0,being moved,16071,13.977213428422331,2560,24.794188861985468
1,negative,58035,50.47399547747435,4793,46.421307506053274
2,positive,40874,35.54879109410332,2972,28.78450363196126
