,Unnamed: 0,pre1_main_emotion_class_cp,pre1_main_emotion_class_percentage_cp,pre1_main_emotion_class_sd,pre1_main_emotion_class_percentage_sd
0,being moved,16071,13.977213428422331,2560,24.794188861985468
1,emotions of affection,22955,19.96434162463037,1284,12.435835351089587
2,emotions of anxiety,9830,8.54931292398678,1122,10.86682808716707
3,emotions of pleasure,17919,15.584449469472954,1688,16.34866828087167
4,emotions of rejection,26269,22.846582014263355,1824,17.66585956416465
5,emotions of suffering and empathy,21936,19.07810053922421,1847,17.88861985472155
