,quantil,percentage
0,1,0.15702479338842976
1,2,0.16071428571428573
2,3,0.22131147540983606
3,4,0.16822429906542055
4,5,0.27705627705627706
