,quantil,percentage
0,1,0.05785123966942149
1,2,0.044642857142857144
2,3,0.036885245901639344
3,4,0.04672897196261682
4,5,0.025974025974025976
