,quantil,percentage
0,1,0.3548387096774194
1,2,0.1891891891891892
2,3,0.375
3,4,0.42857142857142855
4,5,0.42727272727272725
