,quantil,percentage
0,1,0.25
1,2,0.19594594594594594
2,3,0.33088235294117646
3,4,0.24761904761904763
4,5,0.2727272727272727
