,quantil,percentage
0,1,0.03862660944206009
1,2,0.028169014084507043
2,3,0.14728682170542637
3,4,0.25
4,5,0.10344827586206896
