,quantil,percentage
0,1,0.06437768240343347
1,2,0.09154929577464789
2,3,0.015503875968992248
3,4,0.018617021276595744
4,5,0.008620689655172414
