,quantil,percentage
0,1,0.07296137339055794
1,2,0.07042253521126761
2,3,0.22868217054263565
3,4,0.11170212765957446
4,5,0.06896551724137931
