,model,acc,bal_acc,f1_macro,f1_micro,f1_score_class_0,f1_score_class_1,f1_score_class_2,f1_weighted,mcc,precision_class_0,precision_class_1,precision_class_2,precision_macro,precision_micro,precision_weighted,recall_class_0,recall_class_1,recall_class_2,recall_macro,recall_micro,recall_weighted,sample_class_0,sample_class_1,sample_class_2
5,svm,0.7009756097560975,0.5064227549530044,0.5204174659477729,0.7009756097560975,0.7809315866084425,0.1791044776119403,0.6012163336229366,0.6620145974291566,0.4511537390073874,0.6594960049170252,0.9473684210526316,0.8564356435643564,0.8211000231780045,0.7009756097560975,0.7568163414078725,0.9571810883140056,0.0989010989010989,0.463186077643909,0.5064227549530044,0.7009756097560975,0.7009756097560975,1121.0,182.0,747.0
5,bayes,0.7646894975538336,0.5864911261914301,0.5994529685832215,0.7646894975538336,0.8150722325585289,0.22176895905933672,0.7615177141317989,0.7430711689116635,0.5603487725707839,0.7632902769425293,0.7217031511149158,0.7698487803386228,0.7516140694653559,0.7646894975538336,0.7620004399861425,0.8745093666369312,0.13135814461781312,0.7536058673195456,0.5864911261914301,0.7646894975538336,0.7646894975538336,1120.4,181.2,747.6
