,quantil,percentage
0,1,0.07258064516129033
1,2,0.060810810810810814
2,3,0.125
3,4,0.1619047619047619
4,5,0.09090909090909091
