,quantil,percentage
0,1,0.24752475247524752
1,2,0.162534435261708
2,3,0.1978319783197832
3,4,0.18611111111111112
4,5,0.1797752808988764
