,quantil,percentage
0,1,0.08250825082508251
1,2,0.0440771349862259
2,3,0.02981029810298103
3,4,0.05555555555555555
4,5,0.06741573033707865
