,quantil,percentage
0,1,0.013201320132013201
1,2,0.06887052341597796
2,3,0.02981029810298103
3,4,0.1
4,5,0.08146067415730338
