,model,acc,bal_acc,eval_loss,f1_macro,f1_micro,f1_score_class_0,f1_score_class_1,f1_score_class_2,f1_score_class_3,f1_score_class_4,f1_score_class_5,f1_weighted,mcc,precision_class_0,precision_class_1,precision_class_2,precision_class_3,precision_class_4,precision_class_5,precision_macro,precision_micro,precision_weighted,recall_class_0,recall_class_1,recall_class_2,recall_class_3,recall_class_4,recall_class_5,recall_macro,recall_micro,recall_weighted,sample_class_0,sample_class_1,sample_class_2,sample_class_3,sample_class_4,sample_class_5
5,bert-base-german-europeana-cased,0.5278962483056494,0.4688628337264326,1.3536101480325062,0.4765889388093914,0.5278962483056494,0.5752791022140471,0.4064999181617332,0.2555470453747943,0.4359773985943621,0.5735816034975142,0.6126485650138978,0.5182507630814646,0.39475136852283393,0.5270368019880078,0.4386520881751073,0.3939664415551808,0.44847483792616416,0.6070989431563851,0.5939777784545418,0.5015344818758979,0.5278962483056494,0.5217204527138712,0.6352661006419549,0.38100089901108775,0.1920964947354392,0.42597179222566217,0.5461069735951252,0.6327347421493262,0.4688628337264326,0.5278962483056494,0.5278962483056494,439.2,141.2,122.8,152.6,210.2,253.2
5,electra-base-german-europeana-cased-discriminator,0.5247114434718679,0.4518185186155607,1.35675274956794,0.4587132827574366,0.5247114434718679,0.5822640769409005,0.33132421750105434,0.2313989689766774,0.4187926205694897,0.5723089411901985,0.6161908713662995,0.5087389654287586,0.38768694449288543,0.5205690697447759,0.4238594474832099,0.4215904292751583,0.4359842629882757,0.5856685955317428,0.6003241410029984,0.4979993243376935,0.5247114434718679,0.5168813215389254,0.6644108511078899,0.2777744481070822,0.16765293882447022,0.4037581699346405,0.5613992326788535,0.6359154710404282,0.4518185186155607,0.5247114434718679,0.5247114434718679,439.2,141.2,122.8,152.6,210.2,253.2
