,quantil,percentage
0,1,0.034482758620689655
1,2,0.06315789473684211
2,3,0.04794520547945205
3,4,0.06578947368421052
4,5,0.15853658536585366
