,quantil,percentage
0,1,0.5448275862068965
1,2,0.5421052631578948
2,3,0.589041095890411
3,4,0.6842105263157895
4,5,0.3617886178861789
