,model,acc,bal_acc,eval_loss,f1_macro,f1_micro,f1_score_class_0,f1_score_class_1,f1_score_class_2,f1_score_class_3,f1_score_class_4,f1_score_class_5,f1_weighted,mcc,precision_class_0,precision_class_1,precision_class_2,precision_class_3,precision_class_4,precision_class_5,precision_macro,precision_micro,precision_weighted,recall_class_0,recall_class_1,recall_class_2,recall_class_3,recall_class_4,recall_class_5,recall_macro,recall_micro,recall_weighted,sample_class_0,sample_class_1,sample_class_2,sample_class_3,sample_class_4,sample_class_5
5,bert-base-german-europeana-cased-further-pretrained,0.5272165777210012,0.4548237925335079,1.2841246192713816,0.4521014823078697,0.5272165777210012,0.519499671368379,0.15072885753326604,0.5850448035126204,0.3219976979352775,0.4959327964496874,0.6394050670479878,0.5015645821616993,0.4133180588209685,0.4687824909931842,0.4651226034946965,0.5055138337002825,0.5352688628089143,0.6032981818665615,0.593822103179859,0.528634679340583,0.5272165777210012,0.5311641529297713,0.5862962962962962,0.09466894327452097,0.6958263099037177,0.23577143434037506,0.42307794238465,0.6933018290014876,0.4548237925335079,0.5272165777210012,0.5272165777210012,540.0,251.4,605.6,281.6,388.6,585.6
