,kasperl_pre1_base_polarity,kasperl_pre1_base_polarity_percentage,comedies1740_1770_pre1_base_polarity,comedies1740_1770_pre1_base_polarity_percentage,typecomedies_pre1_base_polarity,typecomedies_pre1_base_polarity_percentage
being moved,2676,15.905848787446505,1906,15.036289050173558,1407,17.015358568146087
negative,7775,46.21374227294341,6153,48.54054906910697,4315,52.18285161446366
positive,6373,37.880408939610085,4617,36.42316188071947,2547,30.80178981739025
