,kasperl_pre1_main_emotion_class,kasperl_pre1_main_emotion_class_percentage,comedies1740_1770_pre1_main_emotion_class,comedies1740_1770_pre1_main_emotion_class_percentage,typecomedies_pre1_main_emotion_class,typecomedies_pre1_main_emotion_class_percentage
being moved,2676,15.905848787446505,1906,15.036289050173558,1407,17.015358568146087
emotions of affection,3198,19.008559201141225,2779,21.923319659198484,1230,14.874833716289757
emotions of anxiety,1200,7.132667617689016,783,6.177027453455349,532,6.433667916313944
emotions of pleasure,3175,18.871849738468853,1838,14.499842221520984,1317,15.926956101100496
emotions of rejection,4213,25.041607227769852,3212,25.339223729883244,2318,28.03241020679647
emotions of suffering and empathy,2362,14.039467427484546,2158,17.02429788576838,1465,17.716773491353248
