,quantil,percentage
0,1,0.01532567049808429
1,2,0.0
2,3,0.008902077151335312
3,4,0.0
4,5,0.010309278350515464
