,quantil,percentage
0,1,0.04980842911877394
1,2,0.07109004739336493
2,3,0.05637982195845697
3,4,0.034912718204488775
4,5,0.041237113402061855
