,quantil,percentage
0,1,0.0
1,2,0.0
2,3,0.005934718100890208
3,4,0.022443890274314215
4,5,0.003436426116838488
