,quantil,percentage
0,1,0.11494252873563218
1,2,0.15165876777251186
2,3,0.1661721068249258
3,4,0.10473815461346633
4,5,0.15463917525773196
