,model,acc,bal_acc,eval_loss,f1_macro,f1_micro,f1_score_class_0,f1_score_class_1,f1_score_class_2,f1_score_class_3,f1_score_class_4,f1_score_class_5,f1_weighted,mcc,precision_class_0,precision_class_1,precision_class_2,precision_class_3,precision_class_4,precision_class_5,precision_macro,precision_micro,precision_weighted,recall_class_0,recall_class_1,recall_class_2,recall_class_3,recall_class_4,recall_class_5,recall_macro,recall_micro,recall_weighted,sample_class_0,sample_class_1,sample_class_2,sample_class_3,sample_class_4,sample_class_5
5,bert-base-german-cased,0.4554224142292456,0.4467034515388514,1.7752934749736344,0.4470104055803565,0.4554224142292456,0.4371568760577974,0.3703103900590761,0.4922155337420412,0.4112698360041708,0.4888001765878415,0.4823096210312127,0.4549870616914628,0.3402772687055169,0.4307932812800571,0.3833879873788596,0.4943840827017159,0.4129127142136788,0.4954010878391951,0.476371109811573,0.44887504387084665,0.4554224142292456,0.4560359969506386,0.4442553191489361,0.36,0.4915711324506114,0.4109533468559837,0.4834862385321102,0.4899546722454672,0.4467034515388514,0.4554224142292456,0.4554224142292456,235.0,145.0,307.6,203.4,217.6,239.6
