,quantil,percentage
0,1,0.3931034482758621
1,2,0.3684210526315789
2,3,0.363013698630137
3,4,0.25
4,5,0.4796747967479675
