,pre1_base_polarity,pre1_base_polarity_percentage
being moved,501,12.869252504495249
negative,2163,55.56126380683277
positive,1229,31.569483688671973
