,pre1_tag_type,pre1_tag_type_percentage
Schadenfreude,31,0.7963010531723606
abhorrence,435,11.173901875160544
"admiration, reverence",254,6.524531209863858
anger,317,8.142820446956076
being moved,501,12.869252504495249
compassion,103,2.645774466992037
desire,3,0.07706139224248652
despair,218,5.59979450295402
fear,303,7.783200616491139
friendship,45,1.1559208836372978
joy,484,12.432571281787824
love,412,10.583097867968148
suffering,787,20.215771898278962
