,pre1_main_emotion_class,pre1_main_emotion_class_percentage
being moved,30243,13.429276827026404
emotions of affection,44046,19.558440866422146
emotions of anxiety,19808,8.795659008356942
emotions of pleasure,33990,15.093116402163393
emotions of rejection,51350,22.801751316595766
emotions of suffering and empathy,45765,20.32175557943535
