,pre1_tag_type,pre1_tag_type_percentage
Schadenfreude,2902,1.2886208825854122
abhorrence,23086,10.251241107983056
"admiration, reverence",17033,7.563431941101767
anger,28264,12.550510208612712
being moved,30243,13.429276827026404
compassion,4897,2.174492233639133
desire,196,0.08703297484036554
despair,5240,2.3267999396097725
fear,14568,6.46885906874717
friendship,3113,1.3823145442758058
joy,31088,13.804495519577978
love,23704,10.525661406204208
suffering,40868,18.14726334579622
