,Unnamed: 0,pre1_base_polarity_cp,pre1_base_polarity_percentage_cp,pre1_base_polarity_sd,pre1_base_polarity_percentage_sd
0,being moved,1843,6.627350857636018,21,4.656319290465632
1,negative,16415,59.02765291812003,279,61.86252771618626
2,positive,9551,34.34499622424395,151,33.48115299334812
