,Unnamed: 0,pre1_main_emotion_class_cp,pre1_main_emotion_class_percentage_cp,pre1_main_emotion_class_sd,pre1_main_emotion_class_percentage_sd
0,being moved,1843,6.627350857636018,21,4.656319290465632
1,emotions of affection,6090,21.899385091157537,50,11.086474501108649
2,emotions of anxiety,2204,7.925491747276061,41,9.090909090909092
3,emotions of pleasure,3461,12.445611133086409,101,22.39467849223947
4,emotions of rejection,6565,23.607465209104966,144,31.929046563192898
5,emotions of suffering and empathy,7646,27.494695961739012,94,20.842572062084262
