,quantil,percentage
0,1,0.013793103448275862
1,2,0.015789473684210527
2,3,0.02054794520547945
3,4,0.03289473684210526
4,5,0.0
