,quantil,percentage
0,1,0.041379310344827586
1,2,0.03684210526315789
2,3,0.04794520547945205
3,4,0.06578947368421052
4,5,0.04065040650406504
