,quantil,percentage
0,1,0.07586206896551724
1,2,0.1631578947368421
2,3,0.0547945205479452
3,4,0.07236842105263158
4,5,0.17886178861788618
