,quantil,percentage
0,1,0.10344827586206896
1,2,0.021052631578947368
2,3,0.1506849315068493
3,4,0.02631578947368421
4,5,0.012195121951219513
