,quantil,percentage
0,1,0.06206896551724138
1,2,0.015789473684210527
2,3,0.0
3,4,0.03289473684210526
4,5,0.024390243902439025
