,pre1_base_polarity,pre1_base_polarity_percentage
being moved,10483,5.563870666411906
negative,48852,25.92828482262276
no_annotation,100285,53.22643992951617
positive,28792,15.281404581449165
