,kasperl_pre1_main_emotion_class,kasperl_pre1_main_emotion_class_percentage,comedies1740_1770_pre1_main_emotion_class,comedies1740_1770_pre1_main_emotion_class_percentage,typecomedies_pre1_main_emotion_class,typecomedies_pre1_main_emotion_class_percentage
being moved,2676,6.5831877782971295,1906,5.88834996447218,1407,6.528699364298641
emotions of affection,3198,7.867352210386478,2779,8.585374895733572,1230,5.707391768363417
emotions of anxiety,1200,2.9521021427341387,783,2.4189811239148566,532,2.468562943714909
emotions of pleasure,3175,7.810770252650742,1838,5.678272421143687,1317,6.11108533246717
emotions of rejection,4213,10.364338606115773,3212,9.923074546634126,2318,10.75588139761496
emotions of suffering and empathy,2362,5.810721050948363,2158,6.666872625042479,1465,6.797828407034475
no_annotation,23825,58.611527958867384,19693,60.8390744230591,13282,61.63055078650642
