,pre1_base_polarity,pre1_base_polarity_percentage
being moved,21,4.656319290465632
negative,279,61.86252771618626
positive,151,33.48115299334812
