,pre1_base_polarity,pre1_base_polarity_percentage
being moved,1843,6.627350857636018
negative,16415,59.02765291812003
positive,9551,34.34499622424395
