,pre1_tag_type,pre1_tag_type_percentage
Schadenfreude,367,1.3197166384983279
abhorrence,3670,13.197166384983278
"admiration, reverence",2987,10.74112697328203
anger,2895,10.410298824121687
being moved,1843,6.627350857636018
compassion,388,1.3952317595023194
desire,41,0.14743428386493582
despair,355,1.2765651407817613
fear,1849,6.6489266064943005
friendship,230,0.8270703729008594
joy,3094,11.125894494588083
love,2832,10.183753461109713
suffering,7258,26.09946420223669
