	pre1_tag_type	pre1_tag_type_percentage
Schadenfreude	14	3.1042128603104215
abhorrence	52	11.529933481152993
admiration,reverence	25	05.05.22
anger	92	20.39911308203991
being moved	21	4.656319290465632
compassion	2	0.4434589800443459
desire	1	0.22172949002217296
despair	5	1.1086474501108647
fear	36	7.982261640798225
friendship	3	0.6651884700665188
joy	87	19.290465631929045
love	21	4.656319290465632
suffering	92	20.39911308203991
