,pre1_main_emotion_class,pre1_main_emotion_class_percentage
being moved,1843,6.627350857636018
emotions of affection,6090,21.899385091157537
emotions of anxiety,2204,7.9254917472760615
emotions of pleasure,3461,12.44561113308641
emotions of rejection,6565,23.607465209104966
emotions of suffering and empathy,7646,27.49469596173901
