,acc,bal_acc,eval_loss,f1_macro,f1_micro,f1_score_class_0,f1_score_class_1,f1_score_class_2,f1_weighted,mcc,precision_class_0,precision_class_1,precision_class_2,precision_macro,precision_micro,precision_weighted,recall_class_0,recall_class_1,recall_class_2,recall_macro,recall_micro,recall_weighted,sample_class_0,sample_class_1,sample_class_2
1,0.7106060606060606,0.6375970550103779,0.9945239502759208,0.6393359046660786,0.7106060606060605,0.7686980609418282,0.4407894736842105,0.7085201793721972,0.7100385198801173,0.4954806090416644,0.7602739726027398,0.4437086092715232,0.7198177676537585,0.6412667831760072,0.7106060606060606,0.7096973351545847,0.7773109243697479,0.4379084967320261,0.6975717439293598,0.6375970550103779,0.7106060606060606,0.7106060606060606,714.0,153.0,453.0
1,0.6944655041698257,0.6011372086428731,1.006561902307329,0.6097839000738529,0.6944655041698257,0.7579231287929873,0.3857142857142858,0.6857142857142857,0.689948482162439,0.4589745475431818,0.7298701298701299,0.4251968503937008,0.7109004739336493,0.62198915139916,0.6944655041698257,0.6880139768002895,0.7882187938288922,0.35294117647058826,0.6622516556291391,0.6011372086428731,0.6944655041698257,0.6944655041698257,713.0,153.0,453.0
1,0.7376800606520091,0.642208863747095,0.9176820878471648,0.6508080155138978,0.7376800606520091,0.7912087912087911,0.4117647058823529,0.7494505494505495,0.7328528938839779,0.5372354805617527,0.775235531628533,0.4705882352941176,0.7461706783369803,0.663998148419877,0.7376800606520091,0.7299152777390417,0.8078541374474053,0.3660130718954248,0.7527593818984547,0.642208863747095,0.7376800606520091,0.7376800606520091,713.0,153.0,453.0
mean,0.7142505418092985,0.626981042466782,0.9729226468101381,0.6333092734179431,0.7142505418092983,0.7726099936478689,0.41275615509361635,0.7145616715123442,0.7109466319755113,0.49723021238219967,0.7551265447004676,0.44649789831978054,0.725629639974796,0.6424180276650148,0.7142505418092985,0.7092088632313053,0.791127951882015,0.3856209150326797,0.7041942604856511,0.626981042466782,0.7142505418092985,0.7142505418092985,713.3333333333334,153.0,453.0
