,quantil,percentage
0,1,0.20398009950248755
1,2,0.13008130081300814
2,3,0.1784037558685446
3,4,0.3503184713375796
4,5,0.10650887573964497
