,quantil,percentage
0,1,0.15920398009950248
1,2,0.34959349593495936
2,3,0.38028169014084506
3,4,0.27388535031847133
4,5,0.3254437869822485
