,quantil,percentage
0,1,0.15920398009950248
1,2,0.13821138211382114
2,3,0.14084507042253522
3,4,0.11464968152866242
4,5,0.20118343195266272
