,comedies_pre1_main_emotion_class,comedies_pre1_main_emotion_class_percentage,tragedies_pre1_main_emotion_class,tragedies_pre1_main_emotion_class_percentage,schauspiel_pre1_main_emotion_class,schauspiel_pre1_main_emotion_class_percentage
being moved,13183,14.763755277569352,10483,11.895332871878086,6577,13.764597547193505
emotions of affection,16646,18.64199881289687,17691,20.074438026938395,9709,20.31936712569587
emotions of anxiety,6256,7.006148298298859,9407,10.674367673925131,4145,8.674814783809804
emotions of pleasure,15357,17.198436607572823,11101,12.596593552486752,7532,15.763258130676824
emotions of rejection,22723,25.447683469028924,18953,21.506462264686192,9674,20.246117784939933
emotions of suffering and empathy,15128,16.941977534633175,20492,23.252805610085446,10145,21.231844627684065
