,quantil,percentage
0,1,0.30042918454935624
1,2,0.30985915492957744
2,3,0.20155038759689922
3,4,0.08244680851063829
4,5,0.09051724137931035
