,quantil,percentage
0,1,0.04291845493562232
1,2,0.028169014084507043
2,3,0.015503875968992248
3,4,0.04521276595744681
4,5,0.21551724137931033
