,model,acc,bal_acc,eval_loss,f1_macro,f1_micro,f1_score_class_0,f1_score_class_1,f1_score_class_2,f1_score_class_3,f1_score_class_4,f1_score_class_5,f1_weighted,mcc,precision_class_0,precision_class_1,precision_class_2,precision_class_3,precision_class_4,precision_class_5,precision_macro,precision_micro,precision_weighted,recall_class_0,recall_class_1,recall_class_2,recall_class_3,recall_class_4,recall_class_5,recall_macro,recall_micro,recall_weighted,sample_class_0,sample_class_1,sample_class_2,sample_class_3,sample_class_4,sample_class_5
5,bert-base-german-europeana-cased-further-pretrained,0.29090941086154604,0.2411178310570691,1.7110927953276522,0.20043255251501008,0.29090941086154604,0.17007388625482228,0.002666666666666666,0.41004657665180505,0.1027771948745683,0.1820204699999804,0.3350105206422179,0.22790750350097666,0.12325665850814255,0.2381021772345301,0.04,0.2832253893240979,0.3851485355466464,0.4208171912832929,0.3216102496134696,0.2814839238336728,0.29090941086154604,0.2936213852164852,0.14723404255319147,0.0013793103448275859,0.7548859934853421,0.06199169322901575,0.12318944742738765,0.35802649930265,0.2411178310570691,0.29090941086154604,0.29090941086154604,235.0,145.0,307.6,203.4,217.6,239.6
