,quantil,percentage
0,1,0.017167381974248927
1,2,0.14788732394366197
2,3,0.08139534883720931
3,4,0.0797872340425532
4,5,0.11637931034482758
