,quantil,percentage
0,1,0.0944206008583691
1,2,0.09154929577464789
2,3,0.046511627906976744
3,4,0.05053191489361702
4,5,0.12931034482758622
