,quantil,percentage
0,1,0.03862660944206009
1,2,0.028169014084507043
2,3,0.031007751937984496
3,4,0.007978723404255319
4,5,0.0
