,quantil,percentage
0,1,0.034334763948497854
1,2,0.0
2,3,0.03875968992248062
3,4,0.026595744680851064
4,5,0.03879310344827586
