,quantil,percentage
0,1,0.017167381974248927
1,2,0.0
2,3,0.003875968992248062
3,4,0.06648936170212766
4,5,0.04741379310344827
