,quantil,percentage
0,1,0.008583690987124463
1,2,0.014084507042253521
2,3,0.03488372093023256
3,4,0.05319148936170213
4,5,0.03017241379310345
