,acc,auprc,auroc,bal_acc,eval_loss,f1_macro,f1_micro,f1_score_class_0,f1_score_class_1,f1_weighted,fn,fp,mcc,precision_class_0,precision_class_1,precision_macro,precision_micro,precision_weighted,recall_class_0,recall_class_1,recall_macro,recall_micro,recall_weighted,sample_class_0,sample_class_1,tn,tp
1,0.8131962296486718,0.820391012829109,0.8742315462987563,0.8083190712445397,0.6898870826572985,0.8053011332676189,0.8131962296486718,0.8445078459343794,0.7660944206008583,0.8140025373641837,97.0,121.0,0.6113353606637062,0.8592162554426706,0.7468619246861925,0.8030390900644315,0.8131962296486718,0.8155068585588308,0.8302945301542777,0.7863436123348018,0.8083190712445397,0.8131962296486718,0.8131962296486718,713.0,454.0,592.0,357.0
1,0.7986289631533847,0.8097843805429225,0.8620722145677198,0.7787950028112276,0.7621135576754003,0.7837615996177419,0.7986289631533847,0.8404616429056347,0.7270615563298491,0.7963454138521585,141.0,94.0,0.570405456548004,0.8144736842105263,0.769041769041769,0.7917577266261477,0.7986289631533847,0.7967992287806928,0.8681626928471248,0.6894273127753304,0.7787950028112276,0.7986289631533847,0.7986289631533847,713.0,454.0,619.0,313.0
1,0.7737789203084833,0.7917096407005302,0.8544143926886427,0.7562190439089543,0.8612303274708826,0.7589989736914566,0.7737789203084833,0.8186813186813187,0.6993166287015946,0.772346953162197,146.0,118.0,0.5189711206109598,0.8032345013477089,0.7223529411764706,0.7627937212620898,0.7737789203084833,0.7718383173223696,0.8347338935574229,0.6777041942604857,0.7562190439089543,0.7737789203084833,0.7737789203084833,714.0,453.0,596.0,307.0
mean,0.7952013710368466,0.8072950113575205,0.8635727178517062,0.781111039321574,0.7710769892678604,0.7826872355256058,0.7952013710368466,0.8345502691737776,0.730824201877434,0.7942316347928463,128.0,111.0,0.5669039792742234,0.8256414803336353,0.7460855449681439,0.7858635126508897,0.7952013710368466,0.7947148015539643,0.8443970388529417,0.7178250397902061,0.781111039321574,0.7952013710368466,0.7952013710368466,713.3333333333334,453.6666666666667,602.3333333333334,325.6666666666667
