,kasperl_pre1_base_polarity,kasperl_pre1_base_polarity_percentage,comedies1740_1770_pre1_base_polarity,comedies1740_1770_pre1_base_polarity_percentage,typecomedies_pre1_base_polarity,typecomedies_pre1_base_polarity_percentage
being moved,2676,6.5831877782971295,1906,5.88834996447218,1407,6.528699364298641
negative,7775,19.127161799798273,6153,19.00892829559146,4315,20.022272748364344
no_annotation,23825,58.611527958867384,19693,60.8390744230591,13282,61.63055078650642
positive,6373,15.678122463037223,4617,14.26364731687726,2547,11.818477100830588
