,Unnamed: 0,pre1_base_polarity_cp,pre1_base_polarity_percentage_cp,pre1_base_polarity_sd,pre1_base_polarity_percentage_sd
0,being moved,16071,6.370605863605372,2560,5.3771345753954085
1,negative,58035,23.005295955095377,4793,10.067424226511793
2,no_annotation,137288,54.421488258518714,37284,78.3129240269697
3,positive,40874,16.202609922780535,2972,6.242517171123108
