,Unnamed: 0,pre1_main_emotion_class_cp,pre1_main_emotion_class_percentage_cp,pre1_main_emotion_class_sd,pre1_main_emotion_class_percentage_sd
0,being moved,16071,6.370605863605372,2560,5.3771345753954085
1,emotions of affection,22955,9.099449791491589,1284,2.69696906047176
2,emotions of anxiety,9830,3.8966495948752913,1122,2.356697263122519
3,emotions of pleasure,17919,7.103160131288947,1688,3.5455481106513482
4,emotions of rejection,26269,10.413132065898171,1824,3.8312083849692287
5,emotions of suffering and empathy,21936,8.695514294321912,1847,3.879518578420047
6,no_annotation,137288,54.421488258518714,37284,78.3129240269697
