,quantil,percentage
0,1,0.1419141914191419
1,2,0.08539944903581267
2,3,0.06504065040650407
3,4,0.17222222222222222
4,5,0.1348314606741573
