,quantil,percentage
0,1,0.0462046204620462
1,2,0.011019283746556474
2,3,0.037940379403794036
3,4,0.07222222222222222
4,5,0.06741573033707865
