,quantil,percentage
0,1,0.09900990099009901
1,2,0.16804407713498623
2,3,0.1978319783197832
3,4,0.13333333333333333
4,5,0.08707865168539326
