,quantil,percentage
0,1,0.0
1,2,0.0027548209366391185
2,3,0.018970189701897018
3,4,0.005555555555555556
4,5,0.0056179775280898875
