,quantil,percentage
0,1,0.033003300330033
1,2,0.03856749311294766
2,3,0.07859078590785908
3,4,0.025
4,5,0.011235955056179775
