,quantil,percentage
0,1,0.07920792079207921
1,2,0.05509641873278237
2,3,0.04336043360433604
3,4,0.075
4,5,0.14887640449438203
