,pre1_base_polarity,pre1_base_polarity_percentage
emotional movement,53386,14.299987410568157
negative,203512,54.51277559471672
positive,116431,31.187236994715118
