,pre1_main_emotion_class,pre1_main_emotion_class_percentage
emotional movement,66721,17.87190387031278
emotions of affection,54283,14.540258056566726
emotions of fear,30466,8.160630435888988
emotions of joy,57422,15.381071387435746
emotions of rejection,102688,27.506033552175158
emotions of suffering,61749,16.540102697620597
