,pre1_tag_type,pre1_tag_type_percentage
Schadenfreude,6350,1.7009125998783914
admiration,22132,5.928283096143081
anger,58458,15.658574608455279
compassion,7232,1.9371653420977206
despair,6236,1.6703765311561651
emotional movement,92220,24.70207243476933
fear,22152,5.933640301182067
friendship,4843,1.2972472001907165
"hate, disgust",27626,7.399907320352825
joy,46023,12.327732375465072
love,24278,6.503111196826391
suffering,55779,14.94097699348296
