,model,acc,bal_acc,f1_macro,f1_micro,f1_score_class_0,f1_score_class_1,f1_weighted,mcc,precision_class_0,precision_class_1,precision_macro,precision_micro,precision_weighted,recall_class_0,recall_class_1,recall_macro,recall_micro,recall_weighted,sample_class_0,sample_class_1
5,svm,0.684894048894631,0.6083568636696471,0.5909016029414462,0.684894048894631,0.7869740777654857,0.3948291281174069,0.6345658889799566,0.3119566011734006,0.6707044992332685,0.7785705123674078,0.7246375058003383,0.684894048894631,0.7126325478022772,0.9520493751497794,0.26466435218951484,0.6083568636696471,0.684894048894631,0.684894048894631,713.2,453.4
5,bayes,0.7423247364266911,0.72088832175846,0.7241284623815402,0.7423247364266911,0.7949376314268182,0.6533192933362622,0.7398975035099022,0.45030463431856604,0.7739693645485035,0.6850444385014625,0.7295069015249829,0.7423247364266911,0.7394127086019415,0.8171634432173992,0.6246132002995205,0.72088832175846,0.7423247364266911,0.7423247364266911,713.2,453.4
