,pre1_base_polarity,pre1_base_polarity_percentage
being moved,501,5.924787133396405
negative,2163,25.579470198675498
no_annotation,4563,53.96168401135289
positive,1229,14.534058656575214
