,pre1_tag_type,pre1_tag_type_percentage
Schadenfreude,31,0.3666035950804163
abhorrence,435,5.144276253547777
"admiration, reverence",254,3.0037842951750235
anger,317,3.7488174077578056
being moved,501,5.924787133396405
compassion,103,1.218070009460738
desire,3,0.035477767265846734
despair,218,2.578051087984863
fear,303,3.5832544938505206
friendship,45,0.532166508987701
joy,484,5.723746452223273
love,412,4.872280037842952
no_annotation,4563,53.96168401135289
suffering,787,9.307000946073794
