,pre1_main_emotion_class,pre1_main_emotion_class_percentage
being moved,501,5.924787133396405
emotions of affection,714,8.443708609271523
emotions of anxiety,521,6.161305581835383
emotions of pleasure,515,6.09035004730369
emotions of rejection,752,8.893093661305581
emotions of suffering and empathy,890,10.525070955534533
no_annotation,4563,53.96168401135289
