,quantil,percentage
0,1,0.029850746268656716
1,2,0.024390243902439025
2,3,0.12206572769953052
3,4,0.11464968152866242
4,5,0.20710059171597633
