,quantil,percentage
0,1,0.04477611940298507
1,2,0.24390243902439024
2,3,0.046948356807511735
3,4,0.025477707006369428
4,5,0.011834319526627219
