,quantil,percentage_Postzug,percentage_Testament,percentage_ZaertlichenSchwestern,percentage_Minna,percentage_Mandoletti,percentage_Menschenhass_Kotzebue,average
0,1,0.3548387096774194,0.17777777777777778,0.5258964143426295,0.3655172413793104,0.3065134099616858,0.15920398009950248,0.3149579222063875
1,2,0.1891891891891892,0.15771812080536912,0.39130434782608703,0.2842105263157895,0.2132701421800948,0.34959349593495936,0.2642143037085815
2,3,0.375,0.15637860082304528,0.4977578475336323,0.363013698630137,0.2106824925816024,0.38028169014084506,0.3305190549515436
3,4,0.42857142857142855,0.15037593984962405,0.3852813852813853,0.2960526315789473,0.26683291770573564,0.2738853503184713,0.30016660888426533
4,5,0.4272727272727273,0.16289592760180996,0.4205607476635514,0.3170731707317073,0.22336769759450173,0.3254437869822485,0.31276900964109106
