,quantil,percentage
0,1,0.11764705882352941
1,2,0.2052980132450331
2,3,0.17117117117117117
3,4,0.11764705882352941
4,5,0.17692307692307693
