,quantil,percentage
0,1,0.24598930481283424
1,2,0.17880794701986755
2,3,0.24324324324324326
3,4,0.1323529411764706
4,5,0.2923076923076923
