,quantil,percentage
0,1,0.0106951871657754
1,2,0.033112582781456956
2,3,0.04504504504504504
3,4,0.03676470588235294
4,5,0.2
