,quantil,percentage
0,1,0.04392764857881137
1,2,0.1303370786516854
2,3,0.11380145278450363
3,4,0.11392405063291139
4,5,0.08142493638676845
