,quantil,percentage
0,1,0.16795865633074936
1,2,0.02247191011235955
2,3,0.04600484261501211
3,4,0.08649789029535865
4,5,0.06870229007633588
