,quantil,percentage
0,1,0.007751937984496124
1,2,0.04943820224719101
2,3,0.01937046004842615
3,4,0.03375527426160337
4,5,0.05089058524173028
