,quantil,percentage
0,1,0.00516795865633075
1,2,0.011235955056179775
2,3,0.06295399515738499
3,4,0.012658227848101266
4,5,0.017811704834605598
