,quantil,percentage
0,1,0.025839793281653745
1,2,0.04269662921348315
2,3,0.09927360774818401
3,4,0.0759493670886076
4,5,0.07633587786259542
