,quantil,percentage
0,1,0.17054263565891473
1,2,0.15056179775280898
2,3,0.12590799031476999
3,4,0.0759493670886076
4,5,0.03307888040712468
