,quantil,percentage
0,1,0.17777777777777778
1,2,0.15771812080536912
2,3,0.15637860082304528
3,4,0.15037593984962405
4,5,0.16289592760180996
