,pre1_base_polarity,pre1_base_polarity_percentage
being moved,30243,13.429276827026404
negative,116923,51.919165904388066
positive,78036,34.651557268585535
