,model,acc,bal_acc,eval_loss,f1_macro,f1_micro,f1_score_class_0,f1_score_class_1,f1_score_class_10,f1_score_class_11,f1_score_class_12,f1_score_class_2,f1_score_class_3,f1_score_class_4,f1_score_class_5,f1_score_class_6,f1_score_class_7,f1_score_class_8,f1_score_class_9,f1_weighted,mcc,precision_class_0,precision_class_1,precision_class_10,precision_class_11,precision_class_12,precision_class_2,precision_class_3,precision_class_4,precision_class_5,precision_class_6,precision_class_7,precision_class_8,precision_class_9,precision_macro,precision_micro,precision_weighted,recall_class_0,recall_class_1,recall_class_10,recall_class_11,recall_class_12,recall_class_2,recall_class_3,recall_class_4,recall_class_5,recall_class_6,recall_class_7,recall_class_8,recall_class_9,recall_macro,recall_micro,recall_weighted,sample_class_0,sample_class_1,sample_class_10,sample_class_11,sample_class_12,sample_class_2,sample_class_3,sample_class_4,sample_class_5,sample_class_6,sample_class_7,sample_class_8,sample_class_9
5,bert-base-german-cased,0.3601854764382013,0.2631893848339531,2.166276242566663,0.2610956651768762,0.3601854764382013,0.3738503345353131,0.14371167322147715,0.35143601655471524,0.0,0.08484848484848488,0.3807001265716679,0.26831118764191003,0.1918478200268858,0.2754711344949773,0.4282859953484596,0.4775563212306969,0.01716350496838302,0.4010610478564204,0.3443136348629324,0.2780139178947133,0.34521799245854945,0.2751959935489348,0.3493062322508164,0.0,0.18214285714285716,0.3467138956398846,0.3073456242400342,0.26833423014657976,0.2685853200043086,0.3921108396706097,0.4662846608166218,0.21428571428571427,0.3774981367683397,0.29177088438255777,0.3601854764382013,0.34619238814212205,0.4091351865051081,0.09768361581920902,0.3583758937691522,0.0,0.05538461538461538,0.4225741288507322,0.238937664618086,0.15089256734826356,0.28484848484848485,0.4736250597800096,0.4915061633281973,0.01,0.4284986225895317,0.2631893848339531,0.3601854764382013,0.3601854764382013,183.8,59.4,88.2,5.4,25.2,166.6,67.8,78.2,132.0,204.8,176.2,40.2,120.4
