,pre1_base_polarity,pre1_base_polarity_percentage
being moved,1906,15.036289050173558
negative,6153,48.54054906910697
positive,4617,36.42316188071947
