,quantil,percentage
0,1,0.08250825082508251
1,2,0.06611570247933884
2,3,0.04607046070460705
3,4,0.03333333333333333
4,5,0.03651685393258427
