,model,acc,bal_acc,f1_macro,f1_micro,f1_score_class_0,f1_score_class_1,f1_score_class_2,f1_score_class_3,f1_score_class_4,f1_score_class_5,f1_weighted,mcc,precision_class_0,precision_class_1,precision_class_2,precision_class_3,precision_class_4,precision_class_5,precision_macro,precision_micro,precision_weighted,recall_class_0,recall_class_1,recall_class_2,recall_class_3,recall_class_4,recall_class_5,recall_macro,recall_micro,recall_weighted,sample_class_0,sample_class_1,sample_class_2,sample_class_3,sample_class_4,sample_class_5
5,svm,0.2839140103780578,0.2410909969407732,0.21051225662188647,0.2839140103780578,0.14836795252225518,0.0,0.3717728055077453,0.3170028818443804,0.10833333333333336,0.31759656652360513,0.2324413097858988,0.11484037036008328,0.24509803921568624,0.0,0.2529274004683841,0.38461538461538464,0.5909090909090909,0.3259911894273128,0.2999235174393098,0.2839140103780578,0.3118541831822065,0.10638297872340426,0.0,0.7012987012987013,0.2696078431372549,0.059633027522935776,0.3096234309623431,0.2410909969407732,0.2839140103780578,0.2839140103780578,235.0,145.0,308.0,204.0,218.0,239.0
5,bayes,0.38673740082223773,0.3499377902981314,0.34142884414715285,0.38673740082223773,0.35373705898139274,0.13238129749842242,0.456735473544082,0.3100055842292728,0.35815843416283083,0.4375552164669164,0.3624546841011872,0.24983954323070265,0.3487356933653454,0.5464550264550264,0.3668105755232983,0.5488055006275339,0.4976908495467253,0.3594039012546492,0.4446502577954298,0.38673740082223773,0.4302397864415771,0.36000000000000004,0.07586206896551724,0.6053195989678074,0.2172365497923307,0.2802984822221283,0.5609100418410041,0.3499377902981314,0.38673740082223773,0.38673740082223773,235.0,145.0,307.6,203.4,217.6,239.6
