,quantil,percentage
0,1,0.03225806451612903
1,2,0.05405405405405406
2,3,0.022058823529411766
3,4,0.06666666666666667
4,5,0.07272727272727272
