,quantil,percentage
0,1,0.07777777777777778
1,2,0.0436241610738255
2,3,0.01646090534979424
3,4,0.018796992481203006
4,5,0.0
