,quantil,percentage
0,1,0.0962962962962963
1,2,0.053691275167785234
2,3,0.053497942386831275
3,4,0.05263157894736842
4,5,0.08144796380090498
