,quantil,percentage
0,1,0.08264462809917356
1,2,0.13839285714285715
2,3,0.1557377049180328
3,4,0.04672897196261682
4,5,0.03463203463203463
