,quantil,percentage
0,1,0.0
1,2,0.008928571428571428
2,3,0.004098360655737705
3,4,0.0
4,5,0.0
