,quantil,percentage
0,1,0.28512396694214875
1,2,0.27232142857142855
2,3,0.23770491803278687
3,4,0.32710280373831774
4,5,0.27705627705627706
