,acc,bal_acc,f1_macro,f1_micro,f1_score_class_0,f1_score_class_1,f1_weighted,mcc,precision_class_0,precision_class_1,precision_macro,precision_micro,precision_weighted,recall_class_0,recall_class_1,recall_macro,recall_micro,recall_weighted,sample_class_0,sample_class_1
1,0.6838046272493573,0.607214351471415,0.5892134707127519,0.6838046272493573,0.7863346844238563,0.3920922570016474,0.6329618806109318,0.3097354519569004,0.6696252465483234,0.7777777777777778,0.7237015121630506,0.6838046272493573,0.7117000101971429,0.9523141654978962,0.2621145374449339,0.607214351471415,0.6838046272493573,0.6838046272493573,713.0,454.0
1,0.6949443016281063,0.6183310575776486,0.6024078398346285,0.6949443016281063,0.7942196531791907,0.4105960264900663,0.6449778995229246,0.3447428971634575,0.6755162241887905,0.8266666666666667,0.7510914454277287,0.6949443016281063,0.7343185385717859,0.9635343618513325,0.2731277533039648,0.6183310575776486,0.6949443016281063,0.6949443016281063,713.0,454.0
1,0.6889460154241646,0.615476654237854,0.6025894199838079,0.6889460154241646,0.787843366452367,0.4173354735152488,0.6440215365461848,0.3190438335796644,0.6760280842527583,0.7647058823529411,0.7203669833028497,0.6889460154241646,0.7104505714330349,0.9439775910364144,0.2869757174392936,0.615476654237854,0.6889460154241646,0.6889460154241646,714.0,453.0
1,0.6783876500857633,0.5997773917997207,0.5787844137228136,0.6783876500857633,0.7836122331217541,0.3739565943238732,0.6244578554412739,0.2938864041101694,0.6656862745098039,0.7671232876712328,0.7164047810905183,0.6783876500857633,0.7050953370845272,0.9523141654978962,0.2472406181015453,0.5997773917997207,0.6783876500857633,0.6783876500857633,713.0,453.0
1,0.6783876500857633,0.6009848632615972,0.5815128704532295,0.6783876500857633,0.7828604516502605,0.3801652892561984,0.626410272778468,0.2923744190568117,0.6666666666666666,0.7565789473684209,0.7116228070175439,0.6783876500857633,0.7015982817248955,0.9481065918653576,0.25386313465783666,0.6009848632615972,0.6783876500857633,0.6783876500857633,713.0,453.0
mean,0.684894048894631,0.6083568636696471,0.5909016029414462,0.684894048894631,0.7869740777654857,0.39482912811740684,0.6345658889799566,0.3119566011734006,0.6707044992332685,0.7785705123674078,0.7246375058003383,0.684894048894631,0.7126325478022772,0.9520493751497794,0.26466435218951484,0.6083568636696471,0.684894048894631,0.684894048894631,713.2,453.4
