,quantil,percentage_Postzug,percentage_Testament,percentage_ZaertlichenSchwestern,percentage_Minna,percentage_Mandoletti,percentage_Menschenhass_Kotzebue,average
0,1,0.07258064516129033,0.06666666666666668,0.043824701195219126,0.013793103448275862,0.06130268199233716,0.0845771144278607,0.05712415214860831
1,2,0.060810810810810814,0.1174496644295302,0.00966183574879227,0.015789473684210527,0.0995260663507109,0.032520325203252036,0.05595969603788445
2,3,0.125,0.06584362139917696,0.008968609865470852,0.02054794520547945,0.10385756676557864,0.07511737089201878,0.06655585235462079
3,4,0.1619047619047619,0.12030075187969926,0.13852813852813853,0.03289473684210526,0.114713216957606,0.18471337579617836,0.12550916365141487
4,5,0.09090909090909093,0.06334841628959276,0.08411214953271028,0.0,0.07560137457044673,0.04733727810650888,0.06021805156805827
