,quantil,percentage_Postzug,percentage_Testament,percentage_ZaertlichenSchwestern,percentage_Minna,percentage_Mandoletti,percentage_Menschenhass_Kotzebue,average
0,1,0.08870967741935484,0.07777777777777778,0.00796812749003984,0.04137931034482759,0.0421455938697318,0.01990049751243781,0.04631349740236162
1,2,0.0945945945945946,0.0436241610738255,0.043478260869565216,0.036842105263157884,0.018957345971563986,0.0,0.039582744628784534
2,3,0.04411764705882353,0.01646090534979424,0.008968609865470852,0.04794520547945205,0.029673590504451036,0.0,0.02452765970966529
3,4,0.047619047619047616,0.01879699248120301,0.017316017316017316,0.06578947368421052,0.07231920199501247,0.0,0.03697345551591515
4,5,0.027272727272727268,0.0,0.04205607476635514,0.04065040650406504,0.0584192439862543,0.02958579881656805,0.0329973752243283
