,quantil,absolute_Postzug,absolute_Testament,absolute_ZaertlichenSchwestern,absolute_Minna,absolute_Mandoletti,absolute_Menschenhass_Kotzebue,average
0,1,4,38,20,11,41,14,21.333333333333332
1,2,8,34,43,19,40,19,27.166666666666668
2,3,3,44,30,7,41,23,24.666666666666668
3,4,7,63,28,10,41,15,27.333333333333332
4,5,8,56,32,39,21,40,32.666666666666664
