,quantil,percentage_Postzug,percentage_Testament,percentage_ZaertlichenSchwestern,percentage_Minna,percentage_Mandoletti,percentage_Menschenhass_Kotzebue,average
0,1,0.024193548387096774,0.007407407407407408,0.01593625498007968,0.10344827586206896,0.011494252873563218,0.0049751243781094535,0.027909143981387583
1,2,0.040540540540540536,0.016778523489932886,0.01932367149758454,0.021052631578947368,0.0,0.016260162601626018,0.01899258828477189
2,3,0.007352941176470587,0.00411522633744856,0.01345291479820628,0.1506849315068493,0.0,0.07511737089201878,0.04178723078516559
3,4,0.09523809523809523,0.003759398496240601,0.0,0.02631578947368421,0.004987531172069825,0.07006369426751592,0.033394084774600964
4,5,0.054545454545454536,0.00904977375565611,0.004672897196261682,0.012195121951219513,0.03436426116838488,0.02958579881656805,0.024068884572257462
