,quantil,percentage_Postzug,percentage_Testament,percentage_ZaertlichenSchwestern,percentage_Minna,percentage_Mandoletti,percentage_Menschenhass_Kotzebue,average
0,1,0.0967741935483871,0.16296296296296298,0.08764940239043825,0.07586206896551724,0.210727969348659,0.2935323383084577,0.15458482258740372
1,2,0.3108108108108108,0.16778523489932887,0.1111111111111111,0.1631578947368421,0.14218009478672985,0.2032520325203252,0.183049529810858
2,3,0.125,0.11522633744855967,0.16143497757847533,0.0547945205479452,0.10089020771513353,0.09389671361502347,0.10854045948418954
3,4,0.057142857142857134,0.14661654135338345,0.12987012987012986,0.07236842105263158,0.1396508728179551,0.14012738853503184,0.11429603512866482
4,5,0.14545454545454545,0.22171945701357465,0.07009345794392523,0.17886178861788618,0.16494845360824742,0.09467455621301776,0.1459587098085328
