,quantil,percentage_Postzug,percentage_Testament,percentage_ZaertlichenSchwestern,percentage_Minna,percentage_Mandoletti,percentage_Menschenhass_Kotzebue,average
0,1,0.20161290322580644,0.04444444444444445,0.3067729083665339,0.06896551724137931,0.11494252873563217,0.02985074626865672,0.12776484138040883
1,2,0.040540540540540536,0.04697986577181208,0.2222222222222222,0.14736842105263154,0.12796208530805686,0.024390243902439025,0.10157722979961703
2,3,0.0661764705882353,0.0823045267489712,0.2959641255605381,0.08904109589041095,0.08011869436201781,0.12206572769953053,0.12261177347495063
3,4,0.14285714285714285,0.09398496240601503,0.2554112554112554,0.09210526315789473,0.16957605985037408,0.11464968152866242,0.1447640608685574
4,5,0.10909090909090907,0.07239819004524888,0.2523364485981308,0.25609756097560976,0.1168384879725086,0.20710059171597636,0.16897703139973055
