,quantil,percentage_Postzug,percentage_Testament,percentage_ZaertlichenSchwestern,percentage_Minna,percentage_Mandoletti,percentage_Menschenhass_Kotzebue,average
0,1,0.0,0.025925925925925925,0.00398406374501992,0.06206896551724138,0.049808429118773936,0.07462686567164177,0.03606904166310049
1,2,0.006756756756756757,0.020134228187919462,0.024154589371980683,0.015789473684210527,0.07109004739336493,0.024390243902439025,0.02705255654944523
2,3,0.014705882352941175,0.02880658436213992,0.0,0.0,0.05637982195845698,0.0,0.01664871477892301
3,4,0.009523809523809523,0.030075187969924814,0.004329004329004329,0.03289473684210526,0.034912718204488775,0.006369426751592357,0.019684147270154176
4,5,0.01818181818181818,0.049773755656108594,0.004672897196261682,0.024390243902439025,0.041237113402061855,0.0,0.023042638056448222
