,quantil,percentage
0,1,0.11886304909560723
1,2,0.07640449438202247
2,3,0.13801452784503632
3,4,0.18143459915611815
4,5,0.15521628498727735
