,quantil,percentage
0,1,0.13178294573643412
1,2,0.1101123595505618
2,3,0.09443099273607748
3,4,0.09915611814345991
4,5,0.06615776081424936
