,quantil,percentage
0,1,0.002583979328165375
1,2,0.0
2,3,0.0
3,4,0.004219409282700422
4,5,0.0
