,Unnamed: 0,pre1_base_polarity_cp,pre1_base_polarity_percentage_cp,pre1_base_polarity_sd,pre1_base_polarity_percentage_sd
0,being moved,1843,3.640206205929408,21,0.3934794828555369
1,negative,16415,32.42212960951233,279,5.2276559865092755
2,no_annotation,22820,45.072981887850844,4886,91.54955967772158
3,positive,9551,18.86468229670742,151,2.8293048529136224
