,Unnamed: 0,pre1_main_emotion_class_cp,pre1_main_emotion_class_percentage_cp,pre1_main_emotion_class_sd,pre1_main_emotion_class_percentage_sd
0,being moved,1843,3.640206205929408,21,0.3934794828555369
1,emotions of affection,6090,12.028679215469394,50,0.9368559115608021
2,emotions of anxiety,2204,4.35323628750321,41,0.7682218474798576
3,emotions of pleasure,3461,6.836003081238027,101,1.89244894135282
4,emotions of rejection,6565,12.966876691224394,144,2.6981450252951094
5,emotions of suffering and empathy,7646,15.102016630784727,94,1.7612891137343076
6,no_annotation,22820,45.072981887850844,4886,91.54955967772158
