,acc,bal_acc,eval_loss,f1_macro,f1_micro,f1_score_class_0,f1_score_class_1,f1_score_class_2,f1_weighted,mcc,precision_class_0,precision_class_1,precision_class_2,precision_macro,precision_micro,precision_weighted,recall_class_0,recall_class_1,recall_class_2,recall_macro,recall_micro,recall_weighted,sample_class_0,sample_class_1,sample_class_2
1,0.7106060606060606,0.6241716701397263,1.0021831503226644,0.6323479848590913,0.7106060606060605,0.7672354948805461,0.4214285714285714,0.7083798882681565,0.7069551546657243,0.489498539845687,0.748335552596538,0.4645669291338583,0.7171945701357466,0.643365683955381,0.7106060606060606,0.7047571704415921,0.7871148459383753,0.38562091503267976,0.6997792494481236,0.6241716701397263,0.7106060606060606,0.7106060606060606,714.0,153.0,453.0
1,0.6891584533737679,0.6005479212884018,0.9943988521893821,0.6055401355865593,0.6891584533737679,0.7496561210453919,0.3750000000000001,0.6919642857142857,0.6863833477891856,0.4541172677178933,0.7354925775978407,0.4,0.6997742663656885,0.6117556146545098,0.6891584533737679,0.6843092877110822,0.7643758765778401,0.35294117647058826,0.6843267108167771,0.6005479212884018,0.6891584533737679,0.6891584533737679,713.0,153.0,453.0
1,0.7278241091736164,0.6299245262546326,0.9604675947200684,0.6404932162874427,0.7278241091736163,0.7802874743326489,0.4045801526717557,0.7366120218579234,0.7217065795751301,0.5180598571647292,0.7620320855614974,0.4862385321100918,0.7294372294372294,0.6592359490362729,0.7278241091736164,0.7188464271063356,0.7994389901823282,0.3464052287581699,0.7439293598233996,0.6299245262546326,0.7278241091736164,0.7278241091736164,713.0,153.0,453.0
mean,0.7091962077178149,0.6182147058942536,0.9856831990773717,0.6261271122443645,0.7091962077178149,0.765726363419529,0.4003362413667757,0.7123187319467886,0.7050150273433466,0.4872252215761032,0.7486200719186255,0.45026848708131667,0.7154686886462215,0.6381190825487212,0.7091962077178149,0.7026376284196699,0.7836432375661812,0.36165577342047933,0.7093451066961002,0.6182147058942536,0.7091962077178149,0.7091962077178149,713.3333333333334,153.0,453.0
