,quantil,percentage
0,1,0.48497854077253216
1,2,0.4859154929577465
2,3,0.4689922480620155
3,4,0.42819148936170215
4,5,0.27155172413793105
