,acc,bal_acc,f1_macro,f1_micro,f1_score_class_0,f1_score_class_1,f1_weighted,mcc,precision_class_0,precision_class_1,precision_macro,precision_micro,precision_weighted,recall_class_0,recall_class_1,recall_macro,recall_micro,recall_weighted,sample_class_0,sample_class_1
1,0.7394603709949409,0.6988778150982875,0.7025064292394014,0.7394603709949409,0.8073566084788031,0.59765625,0.7211602132356189,0.4605493682279706,0.7150745444505798,0.8181818181818182,0.7666281813161991,0.7394603709949409,0.7574563285517423,0.9269863994273444,0.4707692307692308,0.6988778150982875,0.7394603709949409,0.7394603709949409,1397.0,975.0
1,0.7394603709949409,0.6988778150982875,0.7025064292394014,0.7394603709949409,0.8073566084788031,0.59765625,0.7211602132356189,0.4605493682279706,0.7150745444505798,0.8181818181818182,0.7666281813161991,0.7394603709949409,0.7574563285517423,0.9269863994273444,0.4707692307692308,0.6988778150982875,0.7394603709949409,0.7394603709949409,1397.0,975.0
1,0.7394603709949409,0.6988778150982875,0.7025064292394014,0.7394603709949409,0.8073566084788031,0.59765625,0.7211602132356189,0.4605493682279706,0.7150745444505798,0.8181818181818182,0.7666281813161991,0.7394603709949409,0.7574563285517423,0.9269863994273444,0.4707692307692308,0.6988778150982875,0.7394603709949409,0.7394603709949409,1397.0,975.0
1,0.7394603709949409,0.6988778150982875,0.7025064292394014,0.7394603709949409,0.8073566084788031,0.59765625,0.7211602132356189,0.4605493682279706,0.7150745444505798,0.8181818181818182,0.7666281813161991,0.7394603709949409,0.7574563285517423,0.9269863994273444,0.4707692307692308,0.6988778150982875,0.7394603709949409,0.7394603709949409,1397.0,975.0
1,0.7394603709949409,0.6988778150982875,0.7025064292394014,0.7394603709949409,0.8073566084788031,0.59765625,0.7211602132356189,0.4605493682279706,0.7150745444505798,0.8181818181818182,0.7666281813161991,0.7394603709949409,0.7574563285517423,0.9269863994273444,0.4707692307692308,0.6988778150982875,0.7394603709949409,0.7394603709949409,1397.0,975.0
mean,0.7394603709949409,0.6988778150982875,0.7025064292394014,0.7394603709949409,0.8073566084788031,0.59765625,0.7211602132356189,0.46054936822797055,0.7150745444505798,0.8181818181818181,0.7666281813161991,0.7394603709949409,0.7574563285517423,0.9269863994273443,0.4707692307692308,0.6988778150982875,0.7394603709949409,0.7394603709949409,1397.0,975.0
