,model,acc,bal_acc,eval_loss,f1_macro,f1_micro,f1_score_class_0,f1_score_class_1,f1_score_class_10,f1_score_class_11,f1_score_class_12,f1_score_class_2,f1_score_class_3,f1_score_class_4,f1_score_class_5,f1_score_class_6,f1_score_class_7,f1_score_class_8,f1_score_class_9,f1_weighted,mcc,precision_class_0,precision_class_1,precision_class_10,precision_class_11,precision_class_12,precision_class_2,precision_class_3,precision_class_4,precision_class_5,precision_class_6,precision_class_7,precision_class_8,precision_class_9,precision_macro,precision_micro,precision_weighted,recall_class_0,recall_class_1,recall_class_10,recall_class_11,recall_class_12,recall_class_2,recall_class_3,recall_class_4,recall_class_5,recall_class_6,recall_class_7,recall_class_8,recall_class_9,recall_macro,recall_micro,recall_weighted,sample_class_0,sample_class_1,sample_class_10,sample_class_11,sample_class_12,sample_class_2,sample_class_3,sample_class_4,sample_class_5,sample_class_6,sample_class_7,sample_class_8,sample_class_9
5,bert-base-german-cased,0.6086871863202309,0.488699995205725,1.461397569610717,0.4937092618463815,0.6086871863202309,0.5926228005773042,0.4994802572359514,0.5182169078387961,0.0,0.5857512536650478,0.6271913997384561,0.4168370856296553,0.5714948539850183,0.5436934691357604,0.595457049120214,0.7090113100676629,0.028604651162790692,0.7298593658463016,0.5999035903955005,0.5580576503384588,0.5669762686141795,0.5548060479922939,0.534487012987013,0.0,0.6263208012695101,0.6030447407335411,0.5181372997711671,0.5924454681453488,0.5294381640470712,0.5767664453426284,0.6993456740796015,0.1238095238095238,0.7220303054452184,0.5113544424797768,0.6086871863202309,0.5969447359838089,0.6207860696517413,0.4566308243727598,0.5043239533287578,0.0,0.5567567567567567,0.6545454545454545,0.35,0.5564102564102564,0.5608695652173913,0.6170542165017302,0.7198601398601399,0.016516516516516516,0.7393461845129216,0.488699995205725,0.6086871863202309,0.6086871863202309,200.4,62.6,93.6,5.6,37.0,209.0,32.0,78.0,138.0,181.2,220.6,36.2,206.4
