,acc,bal_acc,f1_macro,f1_micro,f1_score_class_0,f1_score_class_1,f1_weighted,mcc,precision_class_0,precision_class_1,precision_macro,precision_micro,precision_weighted,recall_class_0,recall_class_1,recall_macro,recall_micro,recall_weighted,sample_class_0,sample_class_1
1,0.7489288774635818,0.7249198336741818,0.7293335750297042,0.7489288774635818,0.8021607022282242,0.6565064478311842,0.7454965792665652,0.4623420377913928,0.7734375,0.7017543859649122,0.7375959429824561,0.7489288774635818,0.7455504959109427,0.8330995792426368,0.6167400881057269,0.7249198336741818,0.7489288774635818,0.7489288774635818,713.0,454.0
1,0.7574978577549272,0.7351329309055861,0.7393413705333359,0.7574978577549272,0.8081355932203391,0.670547147846333,0.7546093256969467,0.4816273566401346,0.7821522309711286,0.7111111111111111,0.7466316710411198,0.7574978577549272,0.7545149829707447,0.8359046283309958,0.6343612334801763,0.7351329309055861,0.7574978577549272,0.7574978577549272,713.0,454.0
1,0.7403598971722365,0.7196282486504535,0.722507657307343,0.7403598971722365,0.7928913192071086,0.6521239954075775,0.7382489904314551,0.4464649307391387,0.7743658210947929,0.6794258373205742,0.7268958292076836,0.7403598971722365,0.7375125111978597,0.8123249299719888,0.6269315673289183,0.7196282486504535,0.7403598971722365,0.7403598971722365,714.0,453.0
1,0.7204116638078902,0.6985377210988609,0.7011525700897842,0.7204116638078902,0.7770177838577291,0.6252873563218392,0.7180693415989314,0.4037922300624017,0.7583444592790387,0.6522781774580336,0.7053113183685362,0.7204116638078902,0.7171368900981508,0.7966339410939691,0.6004415011037527,0.6985377210988609,0.7204116638078902,0.7204116638078902,713.0,453.0
1,0.7444253859348199,0.7262228744632171,0.7283071389475331,0.7444253859348199,0.7944827586206897,0.6621315192743764,0.7430632805556125,0.4572966163597622,0.7815468113975577,0.6806526806526807,0.7310997460251192,0.7444253859348199,0.7423486628320094,0.8078541374474053,0.6445916114790287,0.7262228744632171,0.7444253859348199,0.7444253859348199,713.0,453.0
mean,0.7423247364266911,0.72088832175846,0.7241284623815402,0.7423247364266911,0.7949376314268182,0.653319293336262,0.7398975035099022,0.450304634318566,0.7739693645485035,0.6850444385014625,0.729506901524983,0.7423247364266911,0.7394127086019415,0.8171634432173992,0.6246132002995205,0.72088832175846,0.7423247364266911,0.7423247364266911,713.2,453.4
