,quantil,percentage
0,1,0.15708812260536398
1,2,0.1895734597156398
2,3,0.12166172106824925
3,4,0.10224438902743142
4,5,0.07216494845360824
