,pre1_base_polarity,pre1_base_polarity_percentage
emotional movement,26533,13.101810245217616
negative,114186,56.38424997777931
positive,61795,30.513939777003074
