,pre1_main_emotion_class,pre1_main_emotion_class_percentage
emotional movement,33882,16.730695161815973
emotions of affection,29754,14.692317568168125
emotions of fear,20571,10.157816249740758
emotions of joy,29482,14.558005866261098
emotions of rejection,52850,26.096961197744356
emotions of suffering,35975,17.76420395626969
