,pre1_tag_type,pre1_tag_type_percentage
Schadenfreude,2909,1.4364439001748026
admiration,12390,6.118095539073842
anger,25465,12.57443929802384
compassion,3785,1.8690065871989097
despair,4728,2.334653406678057
emotional movement,49547,24.465962847013046
fear,14199,7.011367115359926
friendship,2512,1.240408070553147
"hate, disgust",17053,8.420652399340293
joy,22253,10.988376112268782
love,13675,6.752619571980209
suffering,33998,16.787975152335147
