,quantil,percentage
0,1,0.06772908366533864
1,2,0.19806763285024154
2,3,0.13004484304932734
3,4,0.10822510822510822
4,5,0.13551401869158877
