,comedies_pre1_base_polarity,comedies_pre1_base_polarity_percentage,tragedies_pre1_base_polarity,tragedies_pre1_base_polarity_percentage,schauspiel_pre1_base_polarity,schauspiel_pre1_base_polarity_percentage
being moved,632,15.354713313896987,501,12.869252504495249,329,11.519607843137255
negative,1745,42.3955296404276,2163,55.56126380683277,1277,44.712885154061624
positive,1739,42.24975704567541,1229,31.569483688671973,1250,43.76750700280112
