,comedies_pre1_main_emotion_class,comedies_pre1_main_emotion_class_percentage,tragedies_pre1_main_emotion_class,tragedies_pre1_main_emotion_class_percentage,schauspiel_pre1_main_emotion_class,schauspiel_pre1_main_emotion_class_percentage
being moved,632,15.354713313896987,501,12.869252504495249,329,11.519607843137255
emotions of affection,913,22.18172983479106,714,18.340611353711793,709,24.824929971988794
emotions of anxiety,253,6.146744412050534,521,13.382995119445157,227,7.948179271708683
emotions of pleasure,826,20.068027210884352,515,13.228872334960185,541,18.942577030812323
emotions of rejection,862,20.942662779397473,752,19.316722322116618,506,17.717086834733895
emotions of suffering and empathy,630,15.306122448979592,890,22.861546365271,544,19.047619047619047
