,pre1_main_emotion_class,pre1_main_emotion_class_percentage
being moved,1462,13.456051541647494
emotions of affection,2336,21.50023009664059
emotions of anxiety,1001,9.213069489185457
emotions of pleasure,1882,17.321675103543487
emotions of rejection,2120,19.51219512195122
emotions of suffering and empathy,2064,18.996778647031753
