,pre1_base_polarity,pre1_base_polarity_percentage
being moved,1462,13.456051541647494
negative,5185,47.722043258168426
positive,4218,38.82190520018408
