,pre1_tag_type,pre1_tag_type_percentage
Schadenfreude,113,1.0400368154624944
abhorrence,1079,9.930971007823286
"admiration, reverence",889,8.182236539346526
anger,1041,9.581224114127934
being moved,1462,13.456051541647494
compassion,238,2.190520018407731
desire,7,0.06442705936493327
despair,381,3.506672802577082
fear,620,5.706396686608375
friendship,146,1.3437643810400368
joy,1769,16.281638288080995
love,1294,11.909802116889093
suffering,1826,16.806258628624022
