,quantil,percentage
0,1,0.36551724137931035
1,2,0.28421052631578947
2,3,0.363013698630137
3,4,0.29605263157894735
4,5,0.3170731707317073
