,quantil,percentage
0,1,0.13793103448275862
1,2,0.17894736842105263
2,3,0.0547945205479452
3,4,0.10526315789473684
4,5,0.2032520325203252
