,quantil,percentage
0,1,0.16551724137931034
1,2,0.1368421052631579
2,3,0.11643835616438356
3,4,0.1513157894736842
4,5,0.06504065040650407
