,quantil,percentage
0,1,0.20689655172413793
1,2,0.24210526315789474
2,3,0.363013698630137
3,4,0.26973684210526316
4,5,0.18699186991869918
