,_1650_1730_pre1_base_polarity,_1650_1730_pre1_base_polarity_percentage,_1730_1770_pre1_base_polarity,_1730_1770_pre1_base_polarity_percentage,_1770_1815_pre1_base_polarity,_1770_1815_pre1_base_polarity_percentage
being moved,1843,6.627350857636018,4620,13.130968622100955,16071,13.977213428422333
negative,16415,59.02765291812003,18477,52.515347885402456,58035,50.47399547747434
positive,9551,34.34499622424395,12087,34.353683492496586,40874,35.54879109410332
