,_1650_1730_pre1_base_polarity,_1650_1730_pre1_base_polarity_percentage,_1730_1770_pre1_base_polarity,_1730_1770_pre1_base_polarity_percentage,_1770_1815_pre1_base_polarity,_1770_1815_pre1_base_polarity_percentage
being moved,21,4.656319290465632,244,16.353887399463808,2560,24.79418886198547
negative,279,61.86252771618626,708,47.45308310991957,4793,46.42130750605327
positive,151,33.48115299334812,540,36.193029490616624,2972,28.78450363196126
