,_1650_1730_pre1_main_emotion_class,_1650_1730_pre1_main_emotion_class_percentage,_1730_1770_pre1_main_emotion_class,_1730_1770_pre1_main_emotion_class_percentage,_1770_1815_pre1_main_emotion_class,_1770_1815_pre1_main_emotion_class_percentage
being moved,1843,6.627350857636018,4620,13.130968622100955,16071,13.977213428422333
emotions of affection,6090,21.899385091157537,7348,20.884492951341517,22955,19.96434162463037
emotions of anxiety,2204,7.9254917472760615,2721,7.73362892223738,9830,8.54931292398678
emotions of pleasure,3461,12.44561113308641,4739,13.46919054115507,17919,15.584449469472952
emotions of rejection,6565,23.607465209104966,8302,23.595952705775353,26269,22.84658201426335
emotions of suffering and empathy,7646,27.49469596173901,7454,21.185766257389723,21936,19.078100539224213
