,_1650_1730_pre1_main_emotion_class,_1650_1730_pre1_main_emotion_class_percentage,_1730_1770_pre1_main_emotion_class,_1730_1770_pre1_main_emotion_class_percentage,_1770_1815_pre1_main_emotion_class,_1770_1815_pre1_main_emotion_class_percentage
being moved,21,4.656319290465632,244,16.353887399463808,2560,24.79418886198547
emotions of affection,50,11.086474501108649,166,11.126005361930295,1284,12.435835351089588
emotions of anxiety,41,9.090909090909092,137,9.18230563002681,1122,10.86682808716707
emotions of pleasure,101,22.394678492239468,374,25.067024128686327,1688,16.34866828087167
emotions of rejection,144,31.9290465631929,342,22.92225201072386,1824,17.66585956416465
emotions of suffering and empathy,94,20.84257206208426,229,15.3485254691689,1847,17.88861985472155
