,quantil,percentage
0,1,0.34074074074074073
1,2,0.3053691275167785
2,3,0.2839506172839506
3,4,0.32706766917293234
4,5,0.4343891402714932
