,pre1_main_emotion_class,pre1_main_emotion_class_percentage
being moved,30243,5.744650539932188
emotions of affection,44046,8.366527053594325
emotions of anxiety,19808,3.762524812187176
emotions of pleasure,33990,6.456392284240818
emotions of rejection,51350,9.753920088136688
emotions of suffering and empathy,45765,8.693050688093
no_annotation,301253,57.2229345338158
