,pre1_base_polarity,pre1_base_polarity_percentage
being moved,30243,5.744650539932188
negative,116923,22.209495588416864
no_annotation,301253,57.2229345338158
positive,78036,14.822919337835142
