,pre1_base_polarity,pre1_base_polarity_percentage
being moved,244,3.0101159634838393
negative,708,8.734270910436713
no_annotation,6614,81.59388107574637
positive,540,6.661732050333087
