,pre1_base_polarity,pre1_base_polarity_percentage
being moved,4620,6.100701184486788
negative,18477,24.398843243671514
no_annotation,40545,53.53959513528503
positive,12087,15.96086043655667
