,pre1_main_emotion_class,pre1_main_emotion_class_percentage
being moved,4620,6.100701184486788
emotions of affection,7348,9.703019979136132
emotions of anxiety,2721,3.59307530800618
emotions of pleasure,4739,6.2578404574205395
emotions of rejection,8302,10.962775158789896
emotions of suffering and empathy,7454,9.842992776875437
no_annotation,40545,53.53959513528503
