,pre1_main_emotion_class,pre1_main_emotion_class_percentage
being moved,244,3.0101159634838393
emotions of affection,166,2.047865778435727
emotions of anxiety,137,1.690106094251172
emotions of pleasure,374,4.6138662718973595
emotions of rejection,342,4.219096965210955
emotions of suffering and empathy,229,2.825067850974587
no_annotation,6614,81.59388107574637
