,Unnamed: 0,pre1_base_polarity_cp,pre1_base_polarity_percentage_cp,pre1_base_polarity_sd,pre1_base_polarity_percentage_sd
0,being moved,4620,6.1007011844867876,244,3.0101159634838397
1,negative,18477,24.398843243671518,708,8.734270910436713
2,no_annotation,40545,53.53959513528503,6614,81.59388107574637
3,positive,12087,15.96086043655667,540,6.661732050333088
