,Unnamed: 0,pre1_main_emotion_class_cp,pre1_main_emotion_class_percentage_cp,pre1_main_emotion_class_sd,pre1_main_emotion_class_percentage_sd
0,being moved,4620,6.1007011844867876,244,3.0101159634838397
1,emotions of affection,7348,9.703019979136133,166,2.047865778435727
2,emotions of anxiety,2721,3.59307530800618,137,1.6901060942511719
3,emotions of pleasure,4739,6.25784045742054,374,4.61386627189736
4,emotions of rejection,8302,10.962775158789897,342,4.219096965210955
5,emotions of suffering and empathy,7454,9.842992776875436,229,2.825067850974587
6,no_annotation,40545,53.53959513528503,6614,81.59388107574637
