,pre1_main_emotion_class,pre1_main_emotion_class_percentage
emotional movement,32839,19.22489242748002
emotions of affection,24529,14.359980095424874
emotions of fear,9895,5.792816790094546
emotions of joy,27940,16.356877323420075
emotions of rejection,49838,29.176594561367565
emotions of suffering,25774,15.08883880221292
