,pre1_tag_type,pre1_tag_type_percentage
Schadenfreude,3441,2.014460088399731
admiration,9742,5.703246202031438
anger,32993,19.315048444223283
compassion,3447,2.017972660480637
despair,1508,0.8828264496677692
emotional movement,42673,24.981998068085357
fear,7953,4.655914293241226
friendship,2331,1.3646342534320757
"hate, disgust",10573,6.189737435236952
joy,23770,13.915639727190236
love,10603,6.207300295641483
suffering,21781,12.751222082369814
