,quantil,percentage
0,1,0.5185185185185185
1,2,0.5805369127516778
2,3,0.5349794238683128
3,4,0.43609022556390975
4,5,0.31221719457013575
