,quantil,percentage
0,1,0.06976744186046512
1,2,0.17303370786516853
2,3,0.21307506053268765
3,4,0.189873417721519
4,5,0.15776081424936386
