,quantil,percentage
0,1,0.28940568475452194
1,2,0.22696629213483147
2,3,0.2639225181598063
3,4,0.25738396624472576
4,5,0.18829516539440203
