,quantil,percentage
0,1,0.04827586206896552
1,2,0.05789473684210526
2,3,0.0547945205479452
3,4,0.1118421052631579
4,5,0.06910569105691057
