,model,acc,bal_acc,eval_loss,f1_macro,f1_micro,f1_score_class_0,f1_score_class_1,f1_score_class_2,f1_weighted,mcc,precision_class_0,precision_class_1,precision_class_2,precision_macro,precision_micro,precision_weighted,recall_class_0,recall_class_1,recall_class_2,recall_macro,recall_micro,recall_weighted,sample_class_0,sample_class_1,sample_class_2
5,bert-base-german-cased,0.8279324358104492,0.7505412170167558,0.7775613289749106,0.7574999588825082,0.8279324358104492,0.8640998340529114,0.5776658684583579,0.8307341741362549,0.8265989206924692,0.6906671643540935,0.8529901107672888,0.6081144212041899,0.8392127461308112,0.7667724260340967,0.8279324358104492,0.8263057805584765,0.8757541098508984,0.5529718899884646,0.8228976512109043,0.7505412170167558,0.8279324358104492,0.8279324358104492,1120.4,181.2,747.6
