,quantil,percentage
0,1,0.026737967914438502
1,2,0.033112582781456956
2,3,0.11711711711711711
3,4,0.14705882352941177
4,5,0.05384615384615385
