,pre1_base_polarity,pre1_base_polarity_percentage
being moved,2676,6.5831877782971295
negative,7775,19.127161799798273
no_annotation,23825,58.611527958867384
positive,6373,15.678122463037223
