,pre1_main_emotion_class,pre1_main_emotion_class_percentage
being moved,2676,6.5831877782971295
emotions of affection,3198,7.867352210386478
emotions of anxiety,1200,2.9521021427341387
emotions of pleasure,3175,7.810770252650742
emotions of rejection,4213,10.364338606115773
emotions of suffering and empathy,2362,5.810721050948363
no_annotation,23825,58.611527958867384
