,model,acc,auprc,auroc,bal_acc,eval_loss,f1_macro,f1_micro,f1_score_class_0,f1_score_class_1,f1_weighted,fn,fp,mcc,precision_class_0,precision_class_1,precision_macro,precision_micro,precision_weighted,recall_class_0,recall_class_1,recall_macro,recall_micro,recall_weighted,sample_class_0,sample_class_1,tn,tp
5,bert-base-german-europeana-cased-further-pretrained,0.8127521420651307,0.8513764532238781,0.8823420698904215,0.8017224740260522,0.42554280544320733,0.8044047917448234,0.8127521420651307,0.8446324733282911,0.7641771101613556,0.8115783918470703,253.4,190.6,0.6106847657394893,0.8269046639958256,0.7911653339366624,0.8090349989662441,0.8127521420651307,0.8122199060924091,0.8635647816750179,0.7398801663770863,0.8017224740260522,0.8127521420651307,0.8127521420651307,1397.0,974.2,1206.4,720.8
