,quantil,percentage
0,1,0.06965174129353234
1,2,0.15447154471544716
2,3,0.107981220657277
3,4,0.09554140127388536
4,5,0.23668639053254437
