,quantil,percentage
0,1,0.48258706467661694
1,2,0.3333333333333333
2,3,0.5633802816901409
3,4,0.5477707006369427
4,5,0.42011834319526625
