,quantil,percentage
0,1,0.44776119402985076
1,2,0.5121951219512195
2,3,0.323943661971831
3,4,0.35668789808917195
4,5,0.3431952662721893
