,quantil,percentage
0,1,0.00796812749003984
1,2,0.043478260869565216
2,3,0.008968609865470852
3,4,0.017316017316017316
4,5,0.04205607476635514
