,model,acc,auprc,auroc,bal_acc,eval_loss,f1_macro,f1_micro,f1_score_class_0,f1_score_class_1,f1_weighted,fn,fp,mcc,precision_class_0,precision_class_1,precision_macro,precision_micro,precision_weighted,recall_class_0,recall_class_1,recall_macro,recall_micro,recall_weighted,sample_class_0,sample_class_1,tn,tp
5,bert-base-german-europeana-cased,0.7977037190550311,0.8066590643883691,0.8649704661715143,0.785372477531354,0.5699391459291046,0.7862726528764388,0.7977037190550311,0.835612950602202,0.7369323551506752,0.7972626837213547,122.4,113.6,0.5729623705801202,0.8307632554409123,0.7444538797660295,0.7876085676034709,0.7977037190550311,0.797217603901007,0.8407199625993454,0.7300249924633623,0.785372477531354,0.7977037190550311,0.7977037190550311,713.2,453.4,599.6,331.0
5,electra-base-german-europeana-cased-discriminator,0.8078137929716724,0.8152566515416869,0.8689565728124078,0.7986330634721774,0.5943381987310745,0.7980907038486437,0.8078137929716723,0.8420927769564701,0.7540886307408172,0.8078901905324234,110.0,114.2,0.5973280710037396,0.8450881607674811,0.7523756634127319,0.7987319120901064,0.8078137929716724,0.8090588099921872,0.8398709834564961,0.7573951434878587,0.7986330634721774,0.8078137929716724,0.8078137929716724,713.2,453.4,599.0,343.4
5,literary-german-bert,0.7987322906515806,,,0.7860710994986725,0.7099328563020036,0.7872305608672931,0.7987322906515806,0.8365738205439224,0.7378873011906639,0.7982177250652495,,,0.5751279905890101,0.8305858799054657,0.7475911438996288,0.7890885119025473,0.7987322906515806,0.7983365774163581,0.8429671447821765,0.7291750542151686,0.7860710994986725,0.7987322906515806,0.7987322906515806,713.2,453.4,,
