,model,acc,auprc,auroc,bal_acc,eval_loss,f1_macro,f1_micro,f1_score_class_0,f1_score_class_1,f1_weighted,fn,fp,mcc,precision_class_0,precision_class_1,precision_macro,precision_micro,precision_weighted,recall_class_0,recall_class_1,recall_macro,recall_micro,recall_weighted,sample_class_0,sample_class_1,tn,tp
5,bert-base-german-cased,0.8040457933361849,0.8160950248598418,0.8678533554363167,0.7889528737824518,0.7614680341369398,0.7915841672871653,0.8040457933361849,0.8424087911525899,0.7407595434217404,0.8029052119227135,126.4,102.2,0.5844622001746211,0.8288843649563826,0.7622692448642125,0.7955768049102977,0.8040457933361849,0.8029928196086671,0.8566981350745067,0.721207612490397,0.7889528737824518,0.8040457933361849,0.8040457933361849,713.2,453.4,611.0,327.0
5,bert-base-german-cased-2,0.8037052388364412,,,0.7881257427363633,0.6610621050704975,0.7910064518375608,0.8037052388364412,0.842390589050374,0.7396223146247476,0.8024493152359972,,,0.5835402808596897,0.8275931003735921,0.7633856656029518,0.7954893829882721,0.8037052388364412,0.8026439384487022,0.8581081240350278,0.7181433614376986,0.7881257427363633,0.8037052388364412,0.8037052388364412,713.2,453.4,,
5,electra-base-german-uncased,0.7761023927003459,0.7755046534471599,0.8325830311648245,0.7597496661846976,0.6567825830466039,0.7620441408897733,0.7761023927003459,0.8197969593953441,0.7042913223842027,0.7749086246860419,142.2,119.0,0.5250567159510159,0.8070351459954047,0.7236674256747696,0.765351285835087,0.7761023927003459,0.7746339955574599,0.8331518301570278,0.6863475022123678,0.7597496661846976,0.7761023927003459,0.7761023927003459,713.2,453.4,594.2,311.2
