,quantil,percentage
0,1,0.12096774193548387
1,2,0.12162162162162163
2,3,0.04411764705882353
3,4,0.0761904761904762
4,5,0.02727272727272727
