,quantil,percentage
0,1,0.06896551724137931
1,2,0.14736842105263157
2,3,0.08904109589041095
3,4,0.09210526315789473
4,5,0.25609756097560976
