,quantil,percentage
0,1,0.06896551724137931
1,2,0.021052631578947368
2,3,0.0684931506849315
3,4,0.02631578947368421
4,5,0.008130081300813009
