,quantil,percentage
0,1,0.006896551724137931
1,2,0.021052631578947368
2,3,0.00684931506849315
3,4,0.046052631578947366
4,5,0.028455284552845527
