,model,acc,bal_acc,f1_macro,f1_micro,f1_score_class_0,f1_score_class_1,f1_score_class_2,f1_weighted,mcc,precision_class_0,precision_class_1,precision_class_2,precision_macro,precision_micro,precision_weighted,recall_class_0,recall_class_1,recall_class_2,recall_macro,recall_micro,recall_weighted,sample_class_0,sample_class_1,sample_class_2
5,svm,0.5263157894736842,0.3635928791742668,0.3042794395059225,0.5263157894736842,0.6711758584807492,0.019047619047619046,0.22261484098939927,0.41878674198904864,0.11329688223195927,0.5205811138014528,0.4,0.6,0.5068603712671509,0.5263157894736842,0.5293972577660432,0.9443631039531479,0.00975609756097561,0.13665943600867678,0.3635928791742668,0.5263157894736842,0.5263157894736842,683.0,205.0,461.0
5,bayes,0.5939744353988997,0.4615171028442313,0.45304834397585103,0.5939744353988997,0.6882848252910789,0.13088144701674514,0.5399787596197287,0.5530676990850854,0.27621663343415903,0.5931358100013563,0.5113222313222312,0.6025737347685458,0.5690105920307111,0.5939744353988997,0.5839641007395173,0.8198623461269283,0.07531802965088474,0.4893709327548807,0.4615171028442313,0.5939744353988997,0.5939744353988997,682.8,204.4,461.0
