,model,acc,bal_acc,eval_loss,f1_macro,f1_micro,f1_score_class_0,f1_score_class_1,f1_score_class_10,f1_score_class_11,f1_score_class_12,f1_score_class_2,f1_score_class_3,f1_score_class_4,f1_score_class_5,f1_score_class_6,f1_score_class_7,f1_score_class_8,f1_score_class_9,f1_weighted,mcc,precision_class_0,precision_class_1,precision_class_10,precision_class_11,precision_class_12,precision_class_2,precision_class_3,precision_class_4,precision_class_5,precision_class_6,precision_class_7,precision_class_8,precision_class_9,precision_macro,precision_micro,precision_weighted,recall_class_0,recall_class_1,recall_class_10,recall_class_11,recall_class_12,recall_class_2,recall_class_3,recall_class_4,recall_class_5,recall_class_6,recall_class_7,recall_class_8,recall_class_9,recall_macro,recall_micro,recall_weighted,sample_class_0,sample_class_1,sample_class_10,sample_class_11,sample_class_12,sample_class_2,sample_class_3,sample_class_4,sample_class_5,sample_class_6,sample_class_7,sample_class_8,sample_class_9
5,bert-base-german-europeana-cased-further-pretrained,0.38072787060836105,0.22841543048706486,1.9747926085828302,0.1947095418123302,0.38072787060836105,0.4105468226028518,0.0,0.0025641025641025645,0.0,0.0,0.4290548451216864,0.0,0.0,0.3195822469060811,0.3615605402242089,0.4968110937567915,0.0,0.5111043923845701,0.31782721170086425,0.2950382724655657,0.3435175607699053,0.0,0.2,0.0,0.0,0.33164467490020844,0.0,0.0,0.38802052827006384,0.4820167074077301,0.4388906351009968,0.0,0.4106139616700747,0.19959262062453687,0.38072787060836105,0.3056082787007174,0.5113846153846153,0.0,0.0012903225806451613,0.0,0.0,0.6080335941795043,0.0,0.0,0.29782663955261823,0.2926200752126397,0.5750544662309369,0.0,0.6831908831908833,0.22841543048706486,0.38072787060836105,0.38072787060836105,325.0,126.2,155.2,10.4,69.0,413.8,107.2,144.2,280.6,281.6,323.8,64.8,351.0
