,quantil,percentage
0,1,0.1752988047808765
1,2,0.13043478260869565
2,3,0.05829596412556054
3,4,0.24675324675324675
4,5,0.18691588785046728
