,quantil,percentage
0,1,0.5258964143426295
1,2,0.391304347826087
2,3,0.4977578475336323
3,4,0.3852813852813853
4,5,0.4205607476635514
