,quantil,percentage
0,1,0.09163346613545817
1,2,0.13526570048309178
2,3,0.16143497757847533
3,4,0.1341991341991342
4,5,0.07476635514018691
