,_quintil,bp_em1_abs,bp_em1_per,bp_negative_abs,bp_negative_per,bp_positive_abs,bp_positive_per,mec_affection_abs,mec_affection_per,mec_em2_abs,mec_em2_per,mec_fear_abs,mec_fear_per,mec_joy_abs,mec_joy_per,mec_rejection_abs,mec_rejection_per,mec_suffering_abs,mec_suffering_per,tt_admiration_abs,tt_admiration_per,tt_anger_abs,tt_anger_per,tt_compassion_abs,tt_compassion_per,tt_desire_abs,tt_desire_per,tt_despair_abs,tt_despair_per,tt_em3_abs,tt_em3_per,tt_fear_abs,tt_fear_per,tt_friendship_abs,tt_friendship_per,tt_hate_abs,tt_hate_per,tt_joy_abs,tt_joy_per,tt_love_abs,tt_love_per,tt_schadenfreude_abs,tt_schadenfreude_per,tt_suffering_abs,tt_suffering_per
0,1,7,0.22580645161290322,12,0.3870967741935484,12,0.3870967741935484,5,0.16129032258064516,11,0.3548387096774194,1,0.03225806451612903,5,0.16129032258064516,3,0.0967741935483871,6,0.1935483870967742,4,0.12903225806451613,3,0.0967741935483871,2,0.06451612903225806,0,0,0,0.0,9,0.2903225806451613,2,0.06451612903225806,0,0.0,1,0.03225806451612903,3,0.0967741935483871,3,0.0967741935483871,0,0,4,0.12903225806451613
1,2,7,0.23333333333333334,16,0.5333333333333333,7,0.23333333333333334,3,0.1,9,0.3,4,0.13333333333333333,6,0.2,1,0.03333333333333333,7,0.23333333333333334,1,0.03333333333333333,2,0.06666666666666667,0,0.0,0,0,1,0.03333333333333333,11,0.36666666666666664,2,0.06666666666666667,1,0.03333333333333333,0,0.0,4,0.13333333333333333,2,0.06666666666666667,0,0,6,0.2
2,3,7,0.23333333333333334,17,0.5666666666666667,6,0.2,7,0.23333333333333334,7,0.23333333333333334,5,0.16666666666666666,1,0.03333333333333333,7,0.23333333333333334,3,0.1,1,0.03333333333333333,2,0.06666666666666667,0,0.0,0,0,2,0.06666666666666667,7,0.23333333333333334,5,0.16666666666666666,0,0.0,2,0.06666666666666667,0,0.0,8,0.26666666666666666,0,0,3,0.1
3,4,5,0.16666666666666666,21,0.7,4,0.13333333333333333,4,0.13333333333333333,7,0.23333333333333334,8,0.26666666666666666,1,0.03333333333333333,6,0.2,4,0.13333333333333333,0,0.0,2,0.06666666666666667,1,0.03333333333333333,0,0,2,0.06666666666666667,9,0.3,5,0.16666666666666666,0,0.0,1,0.03333333333333333,3,0.1,3,0.1,0,0,4,0.13333333333333333
4,5,7,0.23333333333333334,19,0.6333333333333333,4,0.13333333333333333,1,0.03333333333333333,7,0.23333333333333334,7,0.23333333333333334,5,0.16666666666666666,6,0.2,4,0.13333333333333333,0,0.0,3,0.1,0,0.0,0,0,3,0.1,8,0.26666666666666666,3,0.1,0,0.0,5,0.16666666666666666,2,0.06666666666666667,1,0.03333333333333333,0,0,5,0.16666666666666666
