,_quintil,bp_em1_abs,bp_em1_per,bp_negative_abs,bp_negative_per,bp_positive_abs,bp_positive_per,mec_affection_abs,mec_affection_per,mec_em2_abs,mec_em2_per,mec_fear_abs,mec_fear_per,mec_joy_abs,mec_joy_per,mec_rejection_abs,mec_rejection_per,mec_suffering_abs,mec_suffering_per,tt_admiration_abs,tt_admiration_per,tt_anger_abs,tt_anger_per,tt_compassion_abs,tt_compassion_per,tt_desire_abs,tt_desire_per,tt_despair_abs,tt_despair_per,tt_em3_abs,tt_em3_per,tt_fear_abs,tt_fear_per,tt_friendship_abs,tt_friendship_per,tt_hate_abs,tt_hate_per,tt_joy_abs,tt_joy_per,tt_love_abs,tt_love_per,tt_schadenfreude_abs,tt_schadenfreude_per,tt_suffering_abs,tt_suffering_per
0,1,7,0.09333333333333334,41,0.5466666666666666,27,0.36,10,0.13333333333333333,10,0.13333333333333333,7,0.09333333333333334,13,0.17333333333333334,23,0.30666666666666664,12,0.16,5,0.06666666666666667,15,0.2,0,0.0,0,0,3,0.04,13,0.17333333333333334,2,0.02666666666666667,2,0.02666666666666667,7,0.09333333333333334,10,0.13333333333333333,2,0.02666666666666667,0,0.0,16,0.21333333333333335
1,2,14,0.18666666666666668,41,0.5466666666666666,20,0.26666666666666666,5,0.06666666666666667,16,0.21333333333333335,6,0.08,12,0.16,28,0.37333333333333335,8,0.10666666666666667,7,0.09333333333333334,18,0.24,1,0.013333333333333334,0,0,0,0.0,25,0.3333333333333333,2,0.02666666666666667,0,0.0,6,0.08,9,0.12,2,0.02666666666666667,2,0.02666666666666667,3,0.04
2,3,5,0.06666666666666667,48,0.64,22,0.29333333333333333,13,0.17333333333333334,9,0.12,12,0.16,4,0.05333333333333334,29,0.38666666666666666,8,0.10666666666666667,6,0.08,17,0.22666666666666666,0,0.0,0,0,5,0.06666666666666667,7,0.09333333333333334,6,0.08,2,0.02666666666666667,6,0.08,10,0.13333333333333333,6,0.08,2,0.02666666666666667,8,0.10666666666666667
3,4,14,0.18666666666666668,31,0.41333333333333333,30,0.4,9,0.12,15,0.2,5,0.06666666666666667,14,0.18666666666666668,19,0.25333333333333335,13,0.17333333333333334,7,0.09333333333333334,10,0.13333333333333333,3,0.04,0,0,0,0.0,19,0.25333333333333335,3,0.04,0,0.0,4,0.05333333333333334,13,0.17333333333333334,2,0.02666666666666667,0,0.0,14,0.18666666666666668
4,5,9,0.12,50,0.6666666666666666,16,0.21333333333333335,8,0.10666666666666667,13,0.17333333333333334,9,0.12,6,0.08,18,0.24,21,0.28,2,0.02666666666666667,13,0.17333333333333334,3,0.04,0,0,1,0.013333333333333334,17,0.22666666666666666,4,0.05333333333333334,0,0.0,7,0.09333333333333334,6,0.08,5,0.06666666666666667,0,0.0,17,0.22666666666666666
