,_quintil,bp_em1_abs,bp_em1_per,bp_negative_abs,bp_negative_per,bp_positive_abs,bp_positive_per,mec_affection_abs,mec_affection_per,mec_em2_abs,mec_em2_per,mec_fear_abs,mec_fear_per,mec_joy_abs,mec_joy_per,mec_rejection_abs,mec_rejection_per,mec_suffering_abs,mec_suffering_per,tt_admiration_abs,tt_admiration_per,tt_anger_abs,tt_anger_per,tt_compassion_abs,tt_compassion_per,tt_desire_abs,tt_desire_per,tt_despair_abs,tt_despair_per,tt_em3_abs,tt_em3_per,tt_fear_abs,tt_fear_per,tt_friendship_abs,tt_friendship_per,tt_hate_abs,tt_hate_per,tt_joy_abs,tt_joy_per,tt_love_abs,tt_love_per,tt_schadenfreude_abs,tt_schadenfreude_per,tt_suffering_abs,tt_suffering_per
0,1,9,0.3103448275862069,18,0.6206896551724138,2,0.06896551724137931,1,0.034482758620689655,8,0.27586206896551724,1,0.034482758620689655,6,0.20689655172413793,10,0.3448275862068966,3,0.10344827586206896,1,0.034482758620689655,2,0.06896551724137931,0,0.0,0,0,0,0,19,0.6551724137931034,1,0.034482758620689655,0,0.0,4,0.13793103448275862,0,0.0,0,0,1,0.034482758620689655,1,0.034482758620689655
1,2,7,0.2413793103448276,16,0.5517241379310345,6,0.20689655172413793,0,0.0,9,0.3103448275862069,1,0.034482758620689655,2,0.06896551724137931,13,0.4482758620689655,4,0.13793103448275862,1,0.034482758620689655,6,0.20689655172413793,2,0.06896551724137931,0,0,0,0,11,0.3793103448275862,0,0.0,1,0.034482758620689655,4,0.13793103448275862,2,0.06896551724137931,0,0,0,0.0,2,0.06896551724137931
2,3,2,0.07142857142857142,23,0.8214285714285714,3,0.10714285714285714,1,0.03571428571428571,5,0.17857142857142858,1,0.03571428571428571,4,0.14285714285714285,14,0.5,3,0.10714285714285714,1,0.03571428571428571,5,0.17857142857142858,0,0.0,0,0,0,0,7,0.25,0,0.0,0,0.0,11,0.39285714285714285,3,0.10714285714285714,0,0,0,0.0,1,0.03571428571428571
3,4,7,0.25,19,0.6785714285714286,2,0.07142857142857142,1,0.03571428571428571,5,0.17857142857142858,3,0.10714285714285714,1,0.03571428571428571,13,0.4642857142857143,5,0.17857142857142858,0,0.0,6,0.21428571428571427,0,0.0,0,0,0,0,6,0.21428571428571427,1,0.03571428571428571,0,0.0,7,0.25,1,0.03571428571428571,0,0,0,0.0,7,0.25
4,5,11,0.39285714285714285,13,0.4642857142857143,4,0.14285714285714285,3,0.10714285714285714,14,0.5,0,0.0,2,0.07142857142857142,6,0.21428571428571427,3,0.10714285714285714,0,0.0,2,0.07142857142857142,0,0.0,0,0,0,0,21,0.75,0,0.0,1,0.03571428571428571,1,0.03571428571428571,2,0.07142857142857142,0,0,0,0.0,1,0.03571428571428571
