,acc,bal_acc,eval_loss,f1_macro,f1_micro,f1_score_class_0,f1_score_class_1,f1_score_class_2,f1_weighted,mcc,precision_class_0,precision_class_1,precision_class_2,precision_macro,precision_micro,precision_weighted,recall_class_0,recall_class_1,recall_class_2,recall_macro,recall_micro,recall_weighted,sample_class_0,sample_class_1,sample_class_2
1,0.7189393939393941,0.5967334689578554,0.681874102070218,0.6040767027232721,0.7189393939393941,0.7772380291464259,0.3105022831050228,0.7244897959183674,0.7050368785429069,0.5012062804944654,0.7702888583218707,0.5151515151515151,0.6736242884250474,0.6530215539661445,0.7189393939393941,0.7075425979670787,0.7843137254901961,0.2222222222222222,0.7836644591611479,0.5967334689578554,0.7189393939393941,0.7189393939393941,714.0,153.0,453.0
1,0.7005307050796058,0.5535782527408357,0.7439131467115312,0.5706137082433814,0.7005307050796058,0.7690387016229714,0.271356783919598,0.6714456391875747,0.6777915517428722,0.4509961521946768,0.6929133858267716,0.5869565217391305,0.7317708333333334,0.6705469136330785,0.7005307050796058,0.6939679904629077,0.8639551192145862,0.17647058823529413,0.6203090507726269,0.5535782527408357,0.7005307050796058,0.7005307050796058,713.0,153.0,453.0
1,0.7217589082638363,0.5810921705846556,0.7083784923666999,0.596704065878673,0.7217589082638363,0.7774902975420441,0.2914572864321608,0.7211646136618141,0.7017673365886277,0.4932227897647802,0.7214885954381752,0.6304347826086957,0.7318181818181818,0.6945805199550176,0.7217589082638363,0.7144742431009748,0.8429172510518934,0.1895424836601307,0.7108167770419426,0.5810921705846556,0.7217589082638363,0.7217589082638363,713.0,153.0,453.0
mean,0.713743002427612,0.5771346307611155,0.7113885803828164,0.5904648256151089,0.713743002427612,0.7745890094371471,0.29110545115226055,0.7057000162559187,0.6948652556248023,0.48180840748464077,0.7282302798622725,0.5775142731664471,0.7124044345255208,0.6727163291847469,0.713743002427612,0.7053282771769872,0.8303953652522252,0.19607843137254902,0.7049300956585726,0.5771346307611155,0.713743002427612,0.713743002427612,713.3333333333334,153.0,453.0
