,quantil,percentage
0,1,0.004975124378109453
1,2,0.016260162601626018
2,3,0.07511737089201878
3,4,0.07006369426751592
4,5,0.029585798816568046
