,quantil,percentage
0,1,0.2935323383084577
1,2,0.2032520325203252
2,3,0.09389671361502347
3,4,0.14012738853503184
4,5,0.09467455621301775
