,quantil,percentage
0,1,0.07960199004975124
1,2,0.06504065040650407
2,3,0.13615023474178403
3,4,0.06369426751592357
4,5,0.07692307692307693
