,quantil,percentage
0,1,0.07462686567164178
1,2,0.024390243902439025
2,3,0.0
3,4,0.006369426751592357
4,5,0.0
