,quantil,percentage
0,1,0.01990049751243781
1,2,0.0
2,3,0.09859154929577464
3,4,0.01910828025477707
4,5,0.005917159763313609
