,pre1_base_polarity,pre1_base_polarity_percentage
being moved,16071,6.3706058636053715
negative,58035,23.005295955095377
no_annotation,137288,54.421488258518714
positive,40874,16.202609922780535
