,pre1_base_polarity,pre1_base_polarity_percentage
being moved,2560,5.3771345753954085
negative,4793,10.067424226511793
no_annotation,37284,78.31292402696968
positive,2972,6.242517171123107
