,pre1_main_emotion_class,pre1_main_emotion_class_percentage
being moved,16071,6.3706058636053715
emotions of affection,22955,9.099449791491589
emotions of anxiety,9830,3.8966495948752913
emotions of pleasure,17919,7.103160131288947
emotions of rejection,26269,10.413132065898171
emotions of suffering and empathy,21936,8.695514294321912
no_annotation,137288,54.421488258518714
