,pre1_main_emotion_class,pre1_main_emotion_class_percentage
being moved,2560,5.3771345753954085
emotions of affection,1284,2.6969690604717598
emotions of anxiety,1122,2.356697263122519
emotions of pleasure,1688,3.545548110651348
emotions of rejection,1824,3.8312083849692287
emotions of suffering and empathy,1847,3.8795185784200465
no_annotation,37284,78.31292402696968
