,quantil,absolute_Postzug,absolute_Testament,absolute_ZaertlichenSchwestern,absolute_Minna,absolute_Mandoletti,absolute_Menschenhass_Kotzebue,average
0,1,47,92,143,57,141,90,95.0
1,2,69,91,102,70,84,63,79.83333333333333
2,3,57,69,136,53,110,69,82.33333333333333
3,4,39,87,109,38,161,56,81.66666666666667
4,5,64,96,87,118,113,58,89.33333333333333
