,quantil,percentage_Postzug,percentage_Testament,percentage_ZaertlichenSchwestern,percentage_Minna,percentage_Mandoletti,percentage_Menschenhass_Kotzebue,average
0,1,0.3790322580645161,0.34074074074074073,0.5697211155378487,0.3931034482758621,0.5402298850574713,0.4477611940298508,0.4450981069510483
1,2,0.4662162162162162,0.3053691275167785,0.4927536231884058,0.3684210526315789,0.3981042654028436,0.5121951219512195,0.4238432344845071
2,3,0.4191176470588235,0.2839506172839506,0.6098654708520179,0.363013698630137,0.3264094955489614,0.323943661971831,0.38771676522428694
3,4,0.37142857142857133,0.32706766917293234,0.4718614718614719,0.25,0.4014962593516209,0.35668789808917195,0.3630903116506281
4,5,0.5818181818181818,0.4343891402714932,0.4065420560747664,0.4796747967479675,0.3883161512027492,0.3431952662721893,0.43898926539789124
