,quantil,percentage
0,1,0.0
1,2,0.014492753623188406
2,3,0.004484304932735426
3,4,0.0
4,5,0.0
