,quantil,percentage
0,1,0.36254980079681276
1,2,0.2946859903381642
2,3,0.2556053811659193
3,4,0.4199134199134199
4,5,0.45794392523364486
