,quantil,percentage
0,1,0.5697211155378487
1,2,0.4927536231884058
2,3,0.6098654708520179
3,4,0.47186147186147187
4,5,0.40654205607476634
