,quantil,percentage
0,1,0.1115702479338843
1,2,0.0625
2,3,0.06147540983606557
3,4,0.09345794392523364
4,5,0.10822510822510822
