,quantil,percentage
0,1,0.21074380165289255
1,2,0.23214285714285715
2,3,0.3237704918032787
3,4,0.2616822429906542
4,5,0.33766233766233766
