,quantil,percentage
0,1,0.2231404958677686
1,2,0.2544642857142857
2,3,0.21721311475409835
3,4,0.29906542056074764
4,5,0.20346320346320346
