,quantil,percentage
0,1,0.01195219123505976
1,2,0.04830917874396135
2,3,0.017937219730941704
3,4,0.021645021645021644
4,5,0.06074766355140187
