,quantil,percentage
0,1,0.11553784860557768
1,2,0.08695652173913043
2,3,0.13004484304932734
3,4,0.09090909090909091
4,5,0.10747663551401869
