,model,acc,bal_acc,eval_loss,f1_macro,f1_micro,f1_score_class_0,f1_score_class_1,f1_score_class_2,f1_score_class_3,f1_score_class_4,f1_score_class_5,f1_weighted,mcc,precision_class_0,precision_class_1,precision_class_2,precision_class_3,precision_class_4,precision_class_5,precision_macro,precision_micro,precision_weighted,recall_class_0,recall_class_1,recall_class_2,recall_class_3,recall_class_4,recall_class_5,recall_macro,recall_micro,recall_weighted,sample_class_0,sample_class_1,sample_class_2,sample_class_3,sample_class_4,sample_class_5
5,bert-base-german-europeana-cased-further-pretrained,0.4505397137886602,0.3353482331514627,1.5083767431753654,0.2983975991370331,0.4505397137886602,0.3442758216961056,0.0032258064516129032,0.5342784046908887,0.05596000813963895,0.2666383350618645,0.5860072187820877,0.38036970291131855,0.3092357969562305,0.5073209937892933,0.1,0.4043416653103456,0.6298412698412699,0.5824360337093092,0.4798254304748511,0.4506275655208449,0.4505397137886602,0.4706361737382594,0.2618159988604221,0.0016393442622950815,0.787291857767226,0.029785683929330342,0.17888475836431228,0.752671755725191,0.3353482331514627,0.4505397137886602,0.4505397137886602,313.2,122.8,430.6,181.2,269.6,393.0
