,model,acc,auprc,auroc,bal_acc,eval_loss,f1_macro,f1_micro,f1_score_class_0,f1_score_class_1,f1_weighted,fn,fp,mcc,precision_class_0,precision_class_1,precision_macro,precision_micro,precision_weighted,recall_class_0,recall_class_1,recall_macro,recall_micro,recall_weighted,sample_class_0,sample_class_1,tn,tp
5,bert-base-german-cased,0.8314773510440591,0.8684345163955515,0.8981672770901052,0.8232081455922746,0.6746696079832812,0.8249286488425639,0.8314773510440588,0.8587537878629489,0.791103509822179,0.8309601857823697,217.4,182.2,0.6503828459321414,0.8482826452141087,0.8061006077054353,0.8271916264597721,0.8314773510440591,0.8309516452855922,0.8695776664280601,0.7768386247564892,0.8232081455922746,0.8314773510440591,0.8314773510440591,1397.0,974.2,1214.8,756.8
