,pre1_base_polarity,pre1_base_polarity_percentage
being moved,2560,24.79418886198547
negative,4793,46.42130750605327
positive,2972,28.78450363196126
