,pre1_base_polarity,pre1_base_polarity_percentage
being moved,16071,13.977213428422333
negative,58035,50.47399547747434
positive,40874,35.54879109410332
