,pre1_main_emotion_class,pre1_main_emotion_class_percentage
being moved,16071,13.977213428422333
emotions of affection,22955,19.96434162463037
emotions of anxiety,9830,8.54931292398678
emotions of pleasure,17919,15.584449469472952
emotions of rejection,26269,22.84658201426335
emotions of suffering and empathy,21936,19.078100539224213
