,pre1_tag_type,pre1_tag_type_percentage
Schadenfreude,188,1.820823244552058
abhorrence,422,4.087167070217918
"admiration, reverence",501,4.852300242130751
anger,1402,13.57869249394673
being moved,2560,24.79418886198547
compassion,42,0.4067796610169492
desire,20,0.1937046004842615
despair,155,1.5012106537530265
fear,967,9.365617433414043
friendship,37,0.3583535108958838
joy,1500,14.527845036319611
love,726,7.031476997578692
suffering,1805,17.4818401937046
