,pre1_tag_type,pre1_tag_type_percentage
Schadenfreude,1475,1.282831796834232
abhorrence,11537,10.033918942424771
"admiration, reverence",8228,7.15602713515394
anger,14732,12.812663071838582
being moved,16071,13.977213428422333
compassion,2784,2.421290659245086
desire,96,0.08349278135327882
despair,2932,2.5500086971647242
fear,6898,5.999304226822056
friendship,1711,1.488084884327709
joy,16444,14.30161767263872
love,12920,11.236736823795443
suffering,19152,16.656809879979125
