,comedies_pre1_base_polarity,comedies_pre1_base_polarity_percentage,tragedies_pre1_base_polarity,tragedies_pre1_base_polarity_percentage,schauspiel_pre1_base_polarity,schauspiel_pre1_base_polarity_percentage
being moved,632,6.454907568174854,501,5.924787133396405,329,5.847849271240668
negative,1745,17.82249004187519,2163,25.579470198675498,1277,22.69818698897974
no_annotation,5675,57.961393116127056,4563,53.96168401135289,2770,49.2356914326342
positive,1739,17.7612092738229,1229,14.534058656575214,1250,22.218272307145394
