,comedies_pre1_main_emotion_class,comedies_pre1_main_emotion_class_percentage,tragedies_pre1_main_emotion_class,tragedies_pre1_main_emotion_class_percentage,schauspiel_pre1_main_emotion_class,schauspiel_pre1_main_emotion_class_percentage
being moved,632,6.454907568174854,501,5.924787133396405,329,5.847849271240668
emotions of affection,913,9.324890205290574,714,8.443708609271523,709,12.60220405261287
emotions of anxiety,253,2.5840057195383515,521,6.161305581835383,227,4.034838250977605
emotions of pleasure,826,8.436319068532326,515,6.09035004730369,541,9.616068254532529
emotions of rejection,862,8.804003676846083,752,8.893093661305581,506,8.993956629932457
emotions of suffering and empathy,630,6.4344806454907575,890,10.525070955534533,544,9.669392108069678
no_annotation,5675,57.961393116127056,4563,53.96168401135289,2770,49.2356914326342
