,pre1_main_emotion_class,pre1_main_emotion_class_percentage
being moved,1462,6.124073220793365
emotions of affection,2336,9.785112889037825
emotions of anxiety,1001,4.193021404934445
emotions of pleasure,1882,7.88338290118544
emotions of rejection,2120,8.880325053407615
emotions of suffering and empathy,2064,8.645750429355338
no_annotation,13008,54.48833410128597
