,pre1_base_polarity,pre1_base_polarity_percentage
being moved,1462,6.124073220793365
negative,5185,21.719096887697397
no_annotation,13008,54.48833410128597
positive,4218,17.668495790223265
